-- ==========================================================
-- DATABASE MIGRATION SCRIPT (LOCAL -> PROD)
-- Generated dynamically based on local SQL Server data
-- ==========================================================

-- ----------------------------------------------------------
-- Ensure holidays table has category and image_url columns
-- ----------------------------------------------------------
IF NOT EXISTS (SELECT * FROM INFORMATION_SCHEMA.COLUMNS WHERE TABLE_NAME = 'holidays' AND COLUMN_NAME = 'category')
BEGIN
    EXEC('ALTER TABLE holidays ADD category VARCHAR(100) NULL DEFAULT ''National Holiday''');
END;
GO

IF NOT EXISTS (SELECT * FROM INFORMATION_SCHEMA.COLUMNS WHERE TABLE_NAME = 'holidays' AND COLUMN_NAME = 'image_url')
BEGIN
    EXEC('ALTER TABLE holidays ADD image_url VARCHAR(500) NULL');
END;
GO

EXEC sp_msforeachtable 'ALTER TABLE ? NOCHECK CONSTRAINT ALL';
GO

-- ----------------------------------------------------------
-- Clear existing data in production database
-- ----------------------------------------------------------
DELETE FROM [stationary_order_items];
DELETE FROM [student_daily_moments];
DELETE FROM [stationary_orders];
DELETE FROM [refresh_tokens];
DELETE FROM [users];
DELETE FROM [parent_milestones];
DELETE FROM [parent_bills];
DELETE FROM [leave_requests];
DELETE FROM [attendance];
DELETE FROM [admission_vaccinations];
DELETE FROM [students];
DELETE FROM [milestone_templates];
DELETE FROM [job_applications];
DELETE FROM [fee_structures];
DELETE FROM [admissions];
DELETE FROM [vaccinations];
DELETE FROM [testimonials];
DELETE FROM [stationary_items];
DELETE FROM [site_settings];
DELETE FROM [programs];
DELETE FROM [page_sections];
DELETE FROM [holidays];
DELETE FROM [gallery_items];
DELETE FROM [franchise_inquiries];
DELETE FROM [faqs];
DELETE FROM [events];
DELETE FROM [contact_submissions];
DELETE FROM [careers];
DELETE FROM [blogs];


-- ----------------------------------------------------------
-- Data for table: blogs
-- ----------------------------------------------------------
SET IDENTITY_INSERT [blogs] ON;

INSERT INTO [blogs] ([id], [title], [slug], [summary], [content], [author_name], [category], [image_url], [is_published], [published_at], [created_at]) VALUES (1, 'Unlocking Creativity in Early Childhood', 'unlocking-creativity-early-childhood', 'Discover why free play, arts, and sensory activities are critical for building neural connections in toddlers.', '<p>Early childhood is a period of rapid brain development. Research shows that child-led creative activities promote problem-solving skills, emotional regulation, and fine motor abilities.</p><h4>Why Play Matters</h4><p>When children engage in painting or modeling clay, they are not just having fun; they are experimenting with cause and effect, weight, texture, and spatial awareness.</p><p>We encourage parents to provide open-ended toys and limit screen time to foster authentic imagination.</p>', 'Ms. Clara Oswald (Child Psychologist)', 'Parenting Tips', '/assets/images/program_preschool.jpg', 1, '2026-07-01 07:57:41.017', '2026-07-06 07:57:41.020');
INSERT INTO [blogs] ([id], [title], [slug], [summary], [content], [author_name], [category], [image_url], [is_published], [published_at], [created_at]) VALUES (2, 'The Power of Phonics in Reading Success', 'power-of-phonics-reading-success', 'A guide on how phonics helps young readers decode new words and gain absolute reading independence.', '<p>Phonics teaches children the relationship between letters and sounds. Mastering this link gives kids the confidence to read unfamiliar words easily.</p><h4>Fun Phonics Games to Try at Home:</h4><ul><li>Letter Hunt: Find items in the room starting with the ''B'' sound.</li><li>Sound Blending: Say letters slowly (C-A-T) and ask them to guess the animal.</li></ul>', 'Mrs. Shalini Sharma (Senior Coordinator)', 'Early Education', '/assets/images/program_kindergarten.jpg', 1, '2026-07-04 07:57:41.017', '2026-07-06 07:57:41.020');

SET IDENTITY_INSERT [blogs] OFF;

-- ----------------------------------------------------------
-- Data for table: careers
-- ----------------------------------------------------------
SET IDENTITY_INSERT [careers] ON;

INSERT INTO [careers] ([id], [title], [department], [location], [description], [requirements_json], [is_active], [created_at]) VALUES (1, 'Early Childhood Teacher (Preschool)', 'Academics', 'Mumbai Center', 'We are looking for passionate, certified educators who love teaching toddlers and preschool kids. You will lead lesson activities, observe student milestones, and maintain regular communication with parents.', '["Montessori or ECCE certification required.", "Minimum 2 years of experience in preschool coaching.", "Excellent verbal and written communication skills in English.", "Loving, patient, and child-friendly attitude."]', 1, '2026-07-06 07:57:41.033');
INSERT INTO [careers] ([id], [title], [department], [location], [description], [requirements_json], [is_active], [created_at]) VALUES (2, 'School Day Care Supervisor', 'Administration', 'Mumbai Center', 'Responsible for managing the afternoon daycare program, supervising daycare aides, planning healthy snacks, and organizing fun games/naps for children.', '["Experience in childcare or school administration.", "First aid and CPR certification.", "Strong organization skills."]', 1, '2026-07-06 07:57:41.033');

SET IDENTITY_INSERT [careers] OFF;

-- ----------------------------------------------------------
-- Data for table: contact_submissions
-- ----------------------------------------------------------
SET IDENTITY_INSERT [contact_submissions] ON;

INSERT INTO [contact_submissions] ([id], [name], [email], [phone], [subject], [message], [status], [created_at]) VALUES (1, 'Parent Today 0', 'parent_today0@email.com', '9876543200', 'Admissions Inquiries', 'I want to enroll my child. Please share fee info.', 'RESOLVED', '2026-07-07 06:51:25.977');
INSERT INTO [contact_submissions] ([id], [name], [email], [phone], [subject], [message], [status], [created_at]) VALUES (2, 'Parent Today 1', 'parent_today1@email.com', '9876543201', 'Admissions Inquiries', 'I want to enroll my child. Please share fee info.', 'RESOLVED', '2026-07-07 04:51:25.977');
INSERT INTO [contact_submissions] ([id], [name], [email], [phone], [subject], [message], [status], [created_at]) VALUES (3, 'Parent Today 2', 'parent_today2@email.com', '9876543202', 'Admissions Inquiries', 'I want to enroll my child. Please share fee info.', 'RESOLVED', '2026-07-07 02:51:25.977');
INSERT INTO [contact_submissions] ([id], [name], [email], [phone], [subject], [message], [status], [created_at]) VALUES (4, 'Parent Today 3', 'parent_today3@email.com', '9876543203', 'Admissions Inquiries', 'I want to enroll my child. Please share fee info.', 'NEW', '2026-07-07 00:51:25.977');
INSERT INTO [contact_submissions] ([id], [name], [email], [phone], [subject], [message], [status], [created_at]) VALUES (5, 'Parent Today 4', 'parent_today4@email.com', '9876543204', 'Admissions Inquiries', 'I want to enroll my child. Please share fee info.', 'NEW', '2026-07-06 22:51:25.977');
INSERT INTO [contact_submissions] ([id], [name], [email], [phone], [subject], [message], [status], [created_at]) VALUES (6, 'Parent Week 0', 'parent_week0@email.com', '9876543300', 'Chatbot Lead', 'Interested in Nursery program. Child name: Kid 0', 'NEW', '2026-07-01 06:51:25.977');
INSERT INTO [contact_submissions] ([id], [name], [email], [phone], [subject], [message], [status], [created_at]) VALUES (7, 'Parent Week 1', 'parent_week1@email.com', '9876543301', 'Chatbot Lead', 'Interested in Nursery program. Child name: Kid 1', 'NEW', '2026-07-06 05:51:25.977');
INSERT INTO [contact_submissions] ([id], [name], [email], [phone], [subject], [message], [status], [created_at]) VALUES (8, 'Parent Week 2', 'parent_week2@email.com', '9876543302', 'Chatbot Lead', 'Interested in Nursery program. Child name: Kid 2', 'NEW', '2026-07-02 04:51:25.977');
INSERT INTO [contact_submissions] ([id], [name], [email], [phone], [subject], [message], [status], [created_at]) VALUES (9, 'Parent Week 3', 'parent_week3@email.com', '9876543303', 'Chatbot Lead', 'Interested in Nursery program. Child name: Kid 3', 'NEW', '2026-07-05 03:51:25.977');
INSERT INTO [contact_submissions] ([id], [name], [email], [phone], [subject], [message], [status], [created_at]) VALUES (10, 'Parent Week 4', 'parent_week4@email.com', '9876543304', 'Chatbot Lead', 'Interested in Nursery program. Child name: Kid 4', 'NEW', '2026-07-01 02:51:25.977');
INSERT INTO [contact_submissions] ([id], [name], [email], [phone], [subject], [message], [status], [created_at]) VALUES (11, 'Parent Week 5', 'parent_week5@email.com', '9876543305', 'Chatbot Lead', 'Interested in Nursery program. Child name: Kid 5', 'NEW', '2026-07-02 01:51:25.977');
INSERT INTO [contact_submissions] ([id], [name], [email], [phone], [subject], [message], [status], [created_at]) VALUES (12, 'Parent Week 6', 'parent_week6@email.com', '9876543306', 'Chatbot Lead', 'Interested in Nursery program. Child name: Kid 6', 'NEW', '2026-07-06 00:51:25.977');
INSERT INTO [contact_submissions] ([id], [name], [email], [phone], [subject], [message], [status], [created_at]) VALUES (13, 'Parent Week 7', 'parent_week7@email.com', '9876543307', 'Chatbot Lead', 'Interested in Nursery program. Child name: Kid 7', 'NEW', '2026-07-05 23:51:25.977');
INSERT INTO [contact_submissions] ([id], [name], [email], [phone], [subject], [message], [status], [created_at]) VALUES (14, 'Parent Week 8', 'parent_week8@email.com', '9876543308', 'Chatbot Lead', 'Interested in Nursery program. Child name: Kid 8', 'NEW', '2026-07-01 22:51:25.977');
INSERT INTO [contact_submissions] ([id], [name], [email], [phone], [subject], [message], [status], [created_at]) VALUES (15, 'Parent Week 9', 'parent_week9@email.com', '9876543309', 'Chatbot Lead', 'Interested in Nursery program. Child name: Kid 9', 'NEW', '2026-06-30 21:51:25.977');
INSERT INTO [contact_submissions] ([id], [name], [email], [phone], [subject], [message], [status], [created_at]) VALUES (16, 'Parent Week 10', 'parent_week10@email.com', '98765433010', 'Chatbot Lead', 'Interested in Nursery program. Child name: Kid 10', 'NEW', '2026-07-03 20:51:25.977');
INSERT INTO [contact_submissions] ([id], [name], [email], [phone], [subject], [message], [status], [created_at]) VALUES (17, 'Parent Week 11', 'parent_week11@email.com', '98765433011', 'Chatbot Lead', 'Interested in Nursery program. Child name: Kid 11', 'NEW', '2026-07-05 19:51:25.977');
INSERT INTO [contact_submissions] ([id], [name], [email], [phone], [subject], [message], [status], [created_at]) VALUES (18, 'Parent Week 12', 'parent_week12@email.com', '98765433012', 'Chatbot Lead', 'Interested in Nursery program. Child name: Kid 12', 'NEW', '2026-07-01 18:51:25.977');
INSERT INTO [contact_submissions] ([id], [name], [email], [phone], [subject], [message], [status], [created_at]) VALUES (19, 'Parent Month 0', 'parent_month0@email.com', '9876543400', 'Admissions Inquiries', 'Admission query for academic year 2026-27.', 'RESOLVED', '2026-06-09 06:51:25.977');
INSERT INTO [contact_submissions] ([id], [name], [email], [phone], [subject], [message], [status], [created_at]) VALUES (20, 'Parent Month 1', 'parent_month1@email.com', '9876543401', 'Admissions Inquiries', 'Admission query for academic year 2026-27.', 'NEW', '2026-06-26 05:51:25.977');
INSERT INTO [contact_submissions] ([id], [name], [email], [phone], [subject], [message], [status], [created_at]) VALUES (21, 'Parent Month 2', 'parent_month2@email.com', '9876543402', 'Admissions Inquiries', 'Admission query for academic year 2026-27.', 'RESOLVED', '2026-06-20 04:51:25.977');
INSERT INTO [contact_submissions] ([id], [name], [email], [phone], [subject], [message], [status], [created_at]) VALUES (22, 'Parent Month 3', 'parent_month3@email.com', '9876543403', 'Admissions Inquiries', 'Admission query for academic year 2026-27.', 'NEW', '2026-06-21 03:51:25.977');
INSERT INTO [contact_submissions] ([id], [name], [email], [phone], [subject], [message], [status], [created_at]) VALUES (23, 'Parent Month 4', 'parent_month4@email.com', '9876543404', 'Admissions Inquiries', 'Admission query for academic year 2026-27.', 'RESOLVED', '2026-06-25 02:51:25.977');
INSERT INTO [contact_submissions] ([id], [name], [email], [phone], [subject], [message], [status], [created_at]) VALUES (24, 'Parent Month 5', 'parent_month5@email.com', '9876543405', 'Admissions Inquiries', 'Admission query for academic year 2026-27.', 'NEW', '2026-06-10 01:51:25.977');
INSERT INTO [contact_submissions] ([id], [name], [email], [phone], [subject], [message], [status], [created_at]) VALUES (25, 'Parent Month 6', 'parent_month6@email.com', '9876543406', 'Admissions Inquiries', 'Admission query for academic year 2026-27.', 'RESOLVED', '2026-06-29 00:51:25.977');
INSERT INTO [contact_submissions] ([id], [name], [email], [phone], [subject], [message], [status], [created_at]) VALUES (26, 'Parent Month 7', 'parent_month7@email.com', '9876543407', 'Admissions Inquiries', 'Admission query for academic year 2026-27.', 'NEW', '2026-06-08 23:51:25.977');
INSERT INTO [contact_submissions] ([id], [name], [email], [phone], [subject], [message], [status], [created_at]) VALUES (27, 'Parent Month 8', 'parent_month8@email.com', '9876543408', 'Admissions Inquiries', 'Admission query for academic year 2026-27.', 'RESOLVED', '2026-06-16 22:51:25.977');
INSERT INTO [contact_submissions] ([id], [name], [email], [phone], [subject], [message], [status], [created_at]) VALUES (28, 'Parent Month 9', 'parent_month9@email.com', '9876543409', 'Admissions Inquiries', 'Admission query for academic year 2026-27.', 'NEW', '2026-06-16 21:51:25.977');
INSERT INTO [contact_submissions] ([id], [name], [email], [phone], [subject], [message], [status], [created_at]) VALUES (29, 'Parent Month 10', 'parent_month10@email.com', '98765434010', 'Admissions Inquiries', 'Admission query for academic year 2026-27.', 'RESOLVED', '2026-06-15 20:51:25.977');
INSERT INTO [contact_submissions] ([id], [name], [email], [phone], [subject], [message], [status], [created_at]) VALUES (30, 'Parent Month 11', 'parent_month11@email.com', '98765434011', 'Admissions Inquiries', 'Admission query for academic year 2026-27.', 'NEW', '2026-06-16 19:51:25.977');
INSERT INTO [contact_submissions] ([id], [name], [email], [phone], [subject], [message], [status], [created_at]) VALUES (31, 'Parent Month 12', 'parent_month12@email.com', '98765434012', 'Admissions Inquiries', 'Admission query for academic year 2026-27.', 'RESOLVED', '2026-06-20 18:51:25.977');
INSERT INTO [contact_submissions] ([id], [name], [email], [phone], [subject], [message], [status], [created_at]) VALUES (32, 'Parent Month 13', 'parent_month13@email.com', '98765434013', 'Admissions Inquiries', 'Admission query for academic year 2026-27.', 'NEW', '2026-06-13 17:51:25.977');
INSERT INTO [contact_submissions] ([id], [name], [email], [phone], [subject], [message], [status], [created_at]) VALUES (33, 'Parent Month 14', 'parent_month14@email.com', '98765434014', 'Admissions Inquiries', 'Admission query for academic year 2026-27.', 'RESOLVED', '2026-06-11 16:51:25.977');
INSERT INTO [contact_submissions] ([id], [name], [email], [phone], [subject], [message], [status], [created_at]) VALUES (34, 'Parent Month 15', 'parent_month15@email.com', '98765434015', 'Admissions Inquiries', 'Admission query for academic year 2026-27.', 'NEW', '2026-06-17 15:51:25.977');
INSERT INTO [contact_submissions] ([id], [name], [email], [phone], [subject], [message], [status], [created_at]) VALUES (35, 'Parent Month 16', 'parent_month16@email.com', '98765434016', 'Admissions Inquiries', 'Admission query for academic year 2026-27.', 'RESOLVED', '2026-06-11 14:51:25.977');
INSERT INTO [contact_submissions] ([id], [name], [email], [phone], [subject], [message], [status], [created_at]) VALUES (36, 'Parent Month 17', 'parent_month17@email.com', '98765434017', 'Admissions Inquiries', 'Admission query for academic year 2026-27.', 'NEW', '2026-06-13 13:51:25.977');
INSERT INTO [contact_submissions] ([id], [name], [email], [phone], [subject], [message], [status], [created_at]) VALUES (37, 'Parent Month 18', 'parent_month18@email.com', '98765434018', 'Admissions Inquiries', 'Admission query for academic year 2026-27.', 'RESOLVED', '2026-06-13 12:51:25.977');
INSERT INTO [contact_submissions] ([id], [name], [email], [phone], [subject], [message], [status], [created_at]) VALUES (38, 'Parent Month 19', 'parent_month19@email.com', '98765434019', 'Admissions Inquiries', 'Admission query for academic year 2026-27.', 'NEW', '2026-06-24 11:51:25.977');
INSERT INTO [contact_submissions] ([id], [name], [email], [phone], [subject], [message], [status], [created_at]) VALUES (39, 'Parent Month 20', 'parent_month20@email.com', '98765434020', 'Admissions Inquiries', 'Admission query for academic year 2026-27.', 'RESOLVED', '2026-06-10 10:51:25.977');
INSERT INTO [contact_submissions] ([id], [name], [email], [phone], [subject], [message], [status], [created_at]) VALUES (40, 'Parent Month 21', 'parent_month21@email.com', '98765434021', 'Admissions Inquiries', 'Admission query for academic year 2026-27.', 'NEW', '2026-06-27 09:51:25.977');
INSERT INTO [contact_submissions] ([id], [name], [email], [phone], [subject], [message], [status], [created_at]) VALUES (41, 'Parent Month 22', 'parent_month22@email.com', '98765434022', 'Admissions Inquiries', 'Admission query for academic year 2026-27.', 'RESOLVED', '2026-06-14 08:51:25.977');
INSERT INTO [contact_submissions] ([id], [name], [email], [phone], [subject], [message], [status], [created_at]) VALUES (42, 'Parent Month 23', 'parent_month23@email.com', '98765434023', 'Admissions Inquiries', 'Admission query for academic year 2026-27.', 'NEW', '2026-06-19 07:51:25.977');
INSERT INTO [contact_submissions] ([id], [name], [email], [phone], [subject], [message], [status], [created_at]) VALUES (43, 'Parent Month 24', 'parent_month24@email.com', '98765434024', 'Admissions Inquiries', 'Admission query for academic year 2026-27.', 'RESOLVED', '2026-06-23 06:51:25.977');
INSERT INTO [contact_submissions] ([id], [name], [email], [phone], [subject], [message], [status], [created_at]) VALUES (44, 'Parent Month 25', 'parent_month25@email.com', '98765434025', 'Admissions Inquiries', 'Admission query for academic year 2026-27.', 'NEW', '2026-06-26 05:51:25.977');
INSERT INTO [contact_submissions] ([id], [name], [email], [phone], [subject], [message], [status], [created_at]) VALUES (45, 'Parent Month 26', 'parent_month26@email.com', '98765434026', 'Admissions Inquiries', 'Admission query for academic year 2026-27.', 'RESOLVED', '2026-06-22 04:51:25.977');
INSERT INTO [contact_submissions] ([id], [name], [email], [phone], [subject], [message], [status], [created_at]) VALUES (46, 'Parent Month 27', 'parent_month27@email.com', '98765434027', 'Admissions Inquiries', 'Admission query for academic year 2026-27.', 'NEW', '2026-06-15 03:51:25.977');
INSERT INTO [contact_submissions] ([id], [name], [email], [phone], [subject], [message], [status], [created_at]) VALUES (47, 'Parent Month 28', 'parent_month28@email.com', '98765434028', 'Admissions Inquiries', 'Admission query for academic year 2026-27.', 'RESOLVED', '2026-06-19 02:51:25.977');
INSERT INTO [contact_submissions] ([id], [name], [email], [phone], [subject], [message], [status], [created_at]) VALUES (48, 'Parent Month 29', 'parent_month29@email.com', '98765434029', 'Admissions Inquiries', 'Admission query for academic year 2026-27.', 'NEW', '2026-06-21 01:51:25.977');
INSERT INTO [contact_submissions] ([id], [name], [email], [phone], [subject], [message], [status], [created_at]) VALUES (49, 'Parent Month 30', 'parent_month30@email.com', '98765434030', 'Admissions Inquiries', 'Admission query for academic year 2026-27.', 'RESOLVED', '2026-06-12 00:51:25.977');
INSERT INTO [contact_submissions] ([id], [name], [email], [phone], [subject], [message], [status], [created_at]) VALUES (50, 'Parent Month 31', 'parent_month31@email.com', '98765434031', 'Admissions Inquiries', 'Admission query for academic year 2026-27.', 'NEW', '2026-06-19 23:51:25.977');
INSERT INTO [contact_submissions] ([id], [name], [email], [phone], [subject], [message], [status], [created_at]) VALUES (51, 'Parent Month 32', 'parent_month32@email.com', '98765434032', 'Admissions Inquiries', 'Admission query for academic year 2026-27.', 'RESOLVED', '2026-06-08 22:51:25.977');
INSERT INTO [contact_submissions] ([id], [name], [email], [phone], [subject], [message], [status], [created_at]) VALUES (52, 'Parent Month 33', 'parent_month33@email.com', '98765434033', 'Admissions Inquiries', 'Admission query for academic year 2026-27.', 'NEW', '2026-06-24 21:51:25.977');
INSERT INTO [contact_submissions] ([id], [name], [email], [phone], [subject], [message], [status], [created_at]) VALUES (53, 'Parent Year 0', 'parent_year0@email.com', '9876543500', 'Chatbot Lead', 'Enquiry for Playgroup class.', 'RESOLVED', '2026-04-01 06:51:25.977');
INSERT INTO [contact_submissions] ([id], [name], [email], [phone], [subject], [message], [status], [created_at]) VALUES (54, 'Parent Year 1', 'parent_year1@email.com', '9876543501', 'Chatbot Lead', 'Enquiry for Playgroup class.', 'RESOLVED', '2026-05-27 06:51:25.977');
INSERT INTO [contact_submissions] ([id], [name], [email], [phone], [subject], [message], [status], [created_at]) VALUES (55, 'Parent Year 2', 'parent_year2@email.com', '9876543502', 'Chatbot Lead', 'Enquiry for Playgroup class.', 'RESOLVED', '2026-01-21 06:51:25.977');
INSERT INTO [contact_submissions] ([id], [name], [email], [phone], [subject], [message], [status], [created_at]) VALUES (56, 'Parent Year 3', 'parent_year3@email.com', '9876543503', 'Chatbot Lead', 'Enquiry for Playgroup class.', 'RESOLVED', '2026-04-14 06:51:25.977');
INSERT INTO [contact_submissions] ([id], [name], [email], [phone], [subject], [message], [status], [created_at]) VALUES (57, 'Parent Year 4', 'parent_year4@email.com', '9876543504', 'Chatbot Lead', 'Enquiry for Playgroup class.', 'RESOLVED', '2026-01-30 06:51:25.977');
INSERT INTO [contact_submissions] ([id], [name], [email], [phone], [subject], [message], [status], [created_at]) VALUES (58, 'Parent Year 5', 'parent_year5@email.com', '9876543505', 'Chatbot Lead', 'Enquiry for Playgroup class.', 'RESOLVED', '2026-03-25 06:51:25.977');
INSERT INTO [contact_submissions] ([id], [name], [email], [phone], [subject], [message], [status], [created_at]) VALUES (59, 'Parent Year 6', 'parent_year6@email.com', '9876543506', 'Chatbot Lead', 'Enquiry for Playgroup class.', 'RESOLVED', '2026-02-01 06:51:25.977');
INSERT INTO [contact_submissions] ([id], [name], [email], [phone], [subject], [message], [status], [created_at]) VALUES (60, 'Parent Year 7', 'parent_year7@email.com', '9876543507', 'Chatbot Lead', 'Enquiry for Playgroup class.', 'RESOLVED', '2026-05-11 06:51:25.977');
INSERT INTO [contact_submissions] ([id], [name], [email], [phone], [subject], [message], [status], [created_at]) VALUES (61, 'Parent Year 8', 'parent_year8@email.com', '9876543508', 'Chatbot Lead', 'Enquiry for Playgroup class.', 'RESOLVED', '2026-04-10 06:51:25.977');
INSERT INTO [contact_submissions] ([id], [name], [email], [phone], [subject], [message], [status], [created_at]) VALUES (62, 'Parent Year 9', 'parent_year9@email.com', '9876543509', 'Chatbot Lead', 'Enquiry for Playgroup class.', 'RESOLVED', '2026-03-01 06:51:25.977');
INSERT INTO [contact_submissions] ([id], [name], [email], [phone], [subject], [message], [status], [created_at]) VALUES (63, 'Parent Year 10', 'parent_year10@email.com', '98765435010', 'Chatbot Lead', 'Enquiry for Playgroup class.', 'RESOLVED', '2026-02-07 06:51:25.977');
INSERT INTO [contact_submissions] ([id], [name], [email], [phone], [subject], [message], [status], [created_at]) VALUES (64, 'Parent Year 11', 'parent_year11@email.com', '98765435011', 'Chatbot Lead', 'Enquiry for Playgroup class.', 'RESOLVED', '2026-03-23 06:51:25.977');
INSERT INTO [contact_submissions] ([id], [name], [email], [phone], [subject], [message], [status], [created_at]) VALUES (65, 'Parent Year 12', 'parent_year12@email.com', '98765435012', 'Chatbot Lead', 'Enquiry for Playgroup class.', 'RESOLVED', '2026-05-21 06:51:25.977');
INSERT INTO [contact_submissions] ([id], [name], [email], [phone], [subject], [message], [status], [created_at]) VALUES (66, 'Parent Year 13', 'parent_year13@email.com', '98765435013', 'Chatbot Lead', 'Enquiry for Playgroup class.', 'RESOLVED', '2026-02-02 06:51:25.977');
INSERT INTO [contact_submissions] ([id], [name], [email], [phone], [subject], [message], [status], [created_at]) VALUES (67, 'Parent Year 14', 'parent_year14@email.com', '98765435014', 'Chatbot Lead', 'Enquiry for Playgroup class.', 'RESOLVED', '2026-06-02 06:51:25.977');
INSERT INTO [contact_submissions] ([id], [name], [email], [phone], [subject], [message], [status], [created_at]) VALUES (68, 'Parent Year 15', 'parent_year15@email.com', '98765435015', 'Chatbot Lead', 'Enquiry for Playgroup class.', 'RESOLVED', '2026-03-10 06:51:25.977');
INSERT INTO [contact_submissions] ([id], [name], [email], [phone], [subject], [message], [status], [created_at]) VALUES (69, 'Parent Year 16', 'parent_year16@email.com', '98765435016', 'Chatbot Lead', 'Enquiry for Playgroup class.', 'RESOLVED', '2026-01-15 06:51:25.977');
INSERT INTO [contact_submissions] ([id], [name], [email], [phone], [subject], [message], [status], [created_at]) VALUES (70, 'Parent Year 17', 'parent_year17@email.com', '98765435017', 'Chatbot Lead', 'Enquiry for Playgroup class.', 'RESOLVED', '2026-06-04 06:51:25.977');
INSERT INTO [contact_submissions] ([id], [name], [email], [phone], [subject], [message], [status], [created_at]) VALUES (71, 'Parent Year 18', 'parent_year18@email.com', '98765435018', 'Chatbot Lead', 'Enquiry for Playgroup class.', 'RESOLVED', '2026-01-30 06:51:25.977');
INSERT INTO [contact_submissions] ([id], [name], [email], [phone], [subject], [message], [status], [created_at]) VALUES (72, 'Parent Year 19', 'parent_year19@email.com', '98765435019', 'Chatbot Lead', 'Enquiry for Playgroup class.', 'RESOLVED', '2026-01-09 06:51:25.977');
INSERT INTO [contact_submissions] ([id], [name], [email], [phone], [subject], [message], [status], [created_at]) VALUES (73, 'Parent Year 20', 'parent_year20@email.com', '98765435020', 'Chatbot Lead', 'Enquiry for Playgroup class.', 'RESOLVED', '2026-05-27 06:51:25.977');
INSERT INTO [contact_submissions] ([id], [name], [email], [phone], [subject], [message], [status], [created_at]) VALUES (74, 'Parent Year 21', 'parent_year21@email.com', '98765435021', 'Chatbot Lead', 'Enquiry for Playgroup class.', 'RESOLVED', '2026-01-19 06:51:25.977');
INSERT INTO [contact_submissions] ([id], [name], [email], [phone], [subject], [message], [status], [created_at]) VALUES (75, 'Parent Year 22', 'parent_year22@email.com', '98765435022', 'Chatbot Lead', 'Enquiry for Playgroup class.', 'RESOLVED', '2026-01-15 06:51:25.977');
INSERT INTO [contact_submissions] ([id], [name], [email], [phone], [subject], [message], [status], [created_at]) VALUES (76, 'Parent Year 23', 'parent_year23@email.com', '98765435023', 'Chatbot Lead', 'Enquiry for Playgroup class.', 'RESOLVED', '2026-01-09 06:51:25.977');
INSERT INTO [contact_submissions] ([id], [name], [email], [phone], [subject], [message], [status], [created_at]) VALUES (77, 'Parent Year 24', 'parent_year24@email.com', '98765435024', 'Chatbot Lead', 'Enquiry for Playgroup class.', 'RESOLVED', '2026-01-13 06:51:25.977');
INSERT INTO [contact_submissions] ([id], [name], [email], [phone], [subject], [message], [status], [created_at]) VALUES (78, 'Parent Year 25', 'parent_year25@email.com', '98765435025', 'Chatbot Lead', 'Enquiry for Playgroup class.', 'RESOLVED', '2026-02-15 06:51:25.977');
INSERT INTO [contact_submissions] ([id], [name], [email], [phone], [subject], [message], [status], [created_at]) VALUES (79, 'Parent Year 26', 'parent_year26@email.com', '98765435026', 'Chatbot Lead', 'Enquiry for Playgroup class.', 'RESOLVED', '2026-02-15 06:51:25.977');
INSERT INTO [contact_submissions] ([id], [name], [email], [phone], [subject], [message], [status], [created_at]) VALUES (80, 'Parent Year 27', 'parent_year27@email.com', '98765435027', 'Chatbot Lead', 'Enquiry for Playgroup class.', 'RESOLVED', '2026-05-28 06:51:25.977');
INSERT INTO [contact_submissions] ([id], [name], [email], [phone], [subject], [message], [status], [created_at]) VALUES (81, 'Parent Year 28', 'parent_year28@email.com', '98765435028', 'Chatbot Lead', 'Enquiry for Playgroup class.', 'RESOLVED', '2026-05-23 06:51:25.977');
INSERT INTO [contact_submissions] ([id], [name], [email], [phone], [subject], [message], [status], [created_at]) VALUES (82, 'Parent Year 29', 'parent_year29@email.com', '98765435029', 'Chatbot Lead', 'Enquiry for Playgroup class.', 'RESOLVED', '2026-05-24 06:51:25.977');
INSERT INTO [contact_submissions] ([id], [name], [email], [phone], [subject], [message], [status], [created_at]) VALUES (83, 'Parent Year 30', 'parent_year30@email.com', '98765435030', 'Chatbot Lead', 'Enquiry for Playgroup class.', 'RESOLVED', '2026-03-27 06:51:25.977');
INSERT INTO [contact_submissions] ([id], [name], [email], [phone], [subject], [message], [status], [created_at]) VALUES (84, 'Parent Year 31', 'parent_year31@email.com', '98765435031', 'Chatbot Lead', 'Enquiry for Playgroup class.', 'RESOLVED', '2026-01-21 06:51:25.977');
INSERT INTO [contact_submissions] ([id], [name], [email], [phone], [subject], [message], [status], [created_at]) VALUES (85, 'Parent Year 32', 'parent_year32@email.com', '98765435032', 'Chatbot Lead', 'Enquiry for Playgroup class.', 'RESOLVED', '2026-03-01 06:51:25.977');
INSERT INTO [contact_submissions] ([id], [name], [email], [phone], [subject], [message], [status], [created_at]) VALUES (86, 'Parent Year 33', 'parent_year33@email.com', '98765435033', 'Chatbot Lead', 'Enquiry for Playgroup class.', 'RESOLVED', '2026-04-28 06:51:25.977');
INSERT INTO [contact_submissions] ([id], [name], [email], [phone], [subject], [message], [status], [created_at]) VALUES (87, 'Parent Year 34', 'parent_year34@email.com', '98765435034', 'Chatbot Lead', 'Enquiry for Playgroup class.', 'RESOLVED', '2026-05-07 06:51:25.977');
INSERT INTO [contact_submissions] ([id], [name], [email], [phone], [subject], [message], [status], [created_at]) VALUES (88, 'Parent Year 35', 'parent_year35@email.com', '98765435035', 'Chatbot Lead', 'Enquiry for Playgroup class.', 'RESOLVED', '2026-05-06 06:51:25.977');
INSERT INTO [contact_submissions] ([id], [name], [email], [phone], [subject], [message], [status], [created_at]) VALUES (89, 'Parent Year 36', 'parent_year36@email.com', '98765435036', 'Chatbot Lead', 'Enquiry for Playgroup class.', 'RESOLVED', '2026-04-19 06:51:25.977');
INSERT INTO [contact_submissions] ([id], [name], [email], [phone], [subject], [message], [status], [created_at]) VALUES (90, 'Parent Year 37', 'parent_year37@email.com', '98765435037', 'Chatbot Lead', 'Enquiry for Playgroup class.', 'RESOLVED', '2026-03-13 06:51:25.977');
INSERT INTO [contact_submissions] ([id], [name], [email], [phone], [subject], [message], [status], [created_at]) VALUES (91, 'Parent Year 38', 'parent_year38@email.com', '98765435038', 'Chatbot Lead', 'Enquiry for Playgroup class.', 'RESOLVED', '2026-01-31 06:51:25.977');
INSERT INTO [contact_submissions] ([id], [name], [email], [phone], [subject], [message], [status], [created_at]) VALUES (92, 'Parent Year 39', 'parent_year39@email.com', '98765435039', 'Chatbot Lead', 'Enquiry for Playgroup class.', 'RESOLVED', '2026-02-12 06:51:25.977');
INSERT INTO [contact_submissions] ([id], [name], [email], [phone], [subject], [message], [status], [created_at]) VALUES (93, 'Parent Year 40', 'parent_year40@email.com', '98765435040', 'Chatbot Lead', 'Enquiry for Playgroup class.', 'RESOLVED', '2026-06-07 06:51:25.977');
INSERT INTO [contact_submissions] ([id], [name], [email], [phone], [subject], [message], [status], [created_at]) VALUES (94, 'Parent Year 41', 'parent_year41@email.com', '98765435041', 'Chatbot Lead', 'Enquiry for Playgroup class.', 'RESOLVED', '2026-04-12 06:51:25.977');
INSERT INTO [contact_submissions] ([id], [name], [email], [phone], [subject], [message], [status], [created_at]) VALUES (95, 'Parent Year 42', 'parent_year42@email.com', '98765435042', 'Chatbot Lead', 'Enquiry for Playgroup class.', 'RESOLVED', '2026-05-29 06:51:25.977');
INSERT INTO [contact_submissions] ([id], [name], [email], [phone], [subject], [message], [status], [created_at]) VALUES (96, 'Parent Year 43', 'parent_year43@email.com', '98765435043', 'Chatbot Lead', 'Enquiry for Playgroup class.', 'RESOLVED', '2026-03-15 06:51:25.977');
INSERT INTO [contact_submissions] ([id], [name], [email], [phone], [subject], [message], [status], [created_at]) VALUES (97, 'Parent Year 44', 'parent_year44@email.com', '98765435044', 'Chatbot Lead', 'Enquiry for Playgroup class.', 'RESOLVED', '2026-02-03 06:51:25.977');
INSERT INTO [contact_submissions] ([id], [name], [email], [phone], [subject], [message], [status], [created_at]) VALUES (98, 'Parent Year 45', 'parent_year45@email.com', '98765435045', 'Chatbot Lead', 'Enquiry for Playgroup class.', 'RESOLVED', '2026-04-08 06:51:25.977');
INSERT INTO [contact_submissions] ([id], [name], [email], [phone], [subject], [message], [status], [created_at]) VALUES (99, 'Parent Year 46', 'parent_year46@email.com', '98765435046', 'Chatbot Lead', 'Enquiry for Playgroup class.', 'RESOLVED', '2026-03-17 06:51:25.977');
INSERT INTO [contact_submissions] ([id], [name], [email], [phone], [subject], [message], [status], [created_at]) VALUES (100, 'Parent Year 47', 'parent_year47@email.com', '98765435047', 'Chatbot Lead', 'Enquiry for Playgroup class.', 'RESOLVED', '2026-03-21 06:51:25.977');
INSERT INTO [contact_submissions] ([id], [name], [email], [phone], [subject], [message], [status], [created_at]) VALUES (101, 'Parent Year 48', 'parent_year48@email.com', '98765435048', 'Chatbot Lead', 'Enquiry for Playgroup class.', 'RESOLVED', '2026-05-03 06:51:25.977');
INSERT INTO [contact_submissions] ([id], [name], [email], [phone], [subject], [message], [status], [created_at]) VALUES (102, 'Parent Year 49', 'parent_year49@email.com', '98765435049', 'Chatbot Lead', 'Enquiry for Playgroup class.', 'RESOLVED', '2026-02-23 06:51:25.977');
INSERT INTO [contact_submissions] ([id], [name], [email], [phone], [subject], [message], [status], [created_at]) VALUES (103, 'Parent Year 50', 'parent_year50@email.com', '98765435050', 'Chatbot Lead', 'Enquiry for Playgroup class.', 'RESOLVED', '2026-04-28 06:51:25.977');
INSERT INTO [contact_submissions] ([id], [name], [email], [phone], [subject], [message], [status], [created_at]) VALUES (104, 'Parent Year 51', 'parent_year51@email.com', '98765435051', 'Chatbot Lead', 'Enquiry for Playgroup class.', 'RESOLVED', '2026-03-27 06:51:25.977');
INSERT INTO [contact_submissions] ([id], [name], [email], [phone], [subject], [message], [status], [created_at]) VALUES (105, 'Parent Year 52', 'parent_year52@email.com', '98765435052', 'Chatbot Lead', 'Enquiry for Playgroup class.', 'RESOLVED', '2026-03-05 06:51:25.977');
INSERT INTO [contact_submissions] ([id], [name], [email], [phone], [subject], [message], [status], [created_at]) VALUES (106, 'Parent Year 53', 'parent_year53@email.com', '98765435053', 'Chatbot Lead', 'Enquiry for Playgroup class.', 'RESOLVED', '2026-05-08 06:51:25.977');
INSERT INTO [contact_submissions] ([id], [name], [email], [phone], [subject], [message], [status], [created_at]) VALUES (107, 'Parent Year 54', 'parent_year54@email.com', '98765435054', 'Chatbot Lead', 'Enquiry for Playgroup class.', 'RESOLVED', '2026-03-08 06:51:25.977');
INSERT INTO [contact_submissions] ([id], [name], [email], [phone], [subject], [message], [status], [created_at]) VALUES (108, 'Parent Year 55', 'parent_year55@email.com', '98765435055', 'Chatbot Lead', 'Enquiry for Playgroup class.', 'RESOLVED', '2026-02-17 06:51:25.977');
INSERT INTO [contact_submissions] ([id], [name], [email], [phone], [subject], [message], [status], [created_at]) VALUES (109, 'Parent Year 56', 'parent_year56@email.com', '98765435056', 'Chatbot Lead', 'Enquiry for Playgroup class.', 'RESOLVED', '2026-02-01 06:51:25.977');
INSERT INTO [contact_submissions] ([id], [name], [email], [phone], [subject], [message], [status], [created_at]) VALUES (110, 'Parent Year 57', 'parent_year57@email.com', '98765435057', 'Chatbot Lead', 'Enquiry for Playgroup class.', 'RESOLVED', '2026-02-27 06:51:25.977');
INSERT INTO [contact_submissions] ([id], [name], [email], [phone], [subject], [message], [status], [created_at]) VALUES (111, 'Parent Year 58', 'parent_year58@email.com', '98765435058', 'Chatbot Lead', 'Enquiry for Playgroup class.', 'RESOLVED', '2026-03-05 06:51:25.977');
INSERT INTO [contact_submissions] ([id], [name], [email], [phone], [subject], [message], [status], [created_at]) VALUES (112, 'Parent Year 59', 'parent_year59@email.com', '98765435059', 'Chatbot Lead', 'Enquiry for Playgroup class.', 'RESOLVED', '2026-05-16 06:51:25.977');
INSERT INTO [contact_submissions] ([id], [name], [email], [phone], [subject], [message], [status], [created_at]) VALUES (113, 'Parent Year 60', 'parent_year60@email.com', '98765435060', 'Chatbot Lead', 'Enquiry for Playgroup class.', 'RESOLVED', '2026-05-07 06:51:25.977');
INSERT INTO [contact_submissions] ([id], [name], [email], [phone], [subject], [message], [status], [created_at]) VALUES (114, 'Parent Year 61', 'parent_year61@email.com', '98765435061', 'Chatbot Lead', 'Enquiry for Playgroup class.', 'RESOLVED', '2026-05-31 06:51:25.977');
INSERT INTO [contact_submissions] ([id], [name], [email], [phone], [subject], [message], [status], [created_at]) VALUES (115, 'Parent Year 62', 'parent_year62@email.com', '98765435062', 'Chatbot Lead', 'Enquiry for Playgroup class.', 'RESOLVED', '2026-04-27 06:51:25.977');
INSERT INTO [contact_submissions] ([id], [name], [email], [phone], [subject], [message], [status], [created_at]) VALUES (116, 'Parent Year 63', 'parent_year63@email.com', '98765435063', 'Chatbot Lead', 'Enquiry for Playgroup class.', 'RESOLVED', '2026-05-23 06:51:25.977');
INSERT INTO [contact_submissions] ([id], [name], [email], [phone], [subject], [message], [status], [created_at]) VALUES (117, 'Parent Year 64', 'parent_year64@email.com', '98765435064', 'Chatbot Lead', 'Enquiry for Playgroup class.', 'RESOLVED', '2026-02-17 06:51:25.977');
INSERT INTO [contact_submissions] ([id], [name], [email], [phone], [subject], [message], [status], [created_at]) VALUES (118, 'Parent Year 65', 'parent_year65@email.com', '98765435065', 'Chatbot Lead', 'Enquiry for Playgroup class.', 'RESOLVED', '2026-01-29 06:51:25.977');
INSERT INTO [contact_submissions] ([id], [name], [email], [phone], [subject], [message], [status], [created_at]) VALUES (119, 'Parent Year 66', 'parent_year66@email.com', '98765435066', 'Chatbot Lead', 'Enquiry for Playgroup class.', 'RESOLVED', '2026-03-31 06:51:25.977');
INSERT INTO [contact_submissions] ([id], [name], [email], [phone], [subject], [message], [status], [created_at]) VALUES (120, 'Parent Year 67', 'parent_year67@email.com', '98765435067', 'Chatbot Lead', 'Enquiry for Playgroup class.', 'RESOLVED', '2026-05-17 06:51:25.977');
INSERT INTO [contact_submissions] ([id], [name], [email], [phone], [subject], [message], [status], [created_at]) VALUES (121, 'Parent Year 68', 'parent_year68@email.com', '98765435068', 'Chatbot Lead', 'Enquiry for Playgroup class.', 'RESOLVED', '2026-02-18 06:51:25.977');
INSERT INTO [contact_submissions] ([id], [name], [email], [phone], [subject], [message], [status], [created_at]) VALUES (122, 'Parent Year 69', 'parent_year69@email.com', '98765435069', 'Chatbot Lead', 'Enquiry for Playgroup class.', 'RESOLVED', '2026-03-05 06:51:25.977');
INSERT INTO [contact_submissions] ([id], [name], [email], [phone], [subject], [message], [status], [created_at]) VALUES (123, 'Parent Year 70', 'parent_year70@email.com', '98765435070', 'Chatbot Lead', 'Enquiry for Playgroup class.', 'RESOLVED', '2026-01-31 06:51:25.977');
INSERT INTO [contact_submissions] ([id], [name], [email], [phone], [subject], [message], [status], [created_at]) VALUES (124, 'Parent Year 71', 'parent_year71@email.com', '98765435071', 'Chatbot Lead', 'Enquiry for Playgroup class.', 'RESOLVED', '2026-04-11 06:51:25.977');
INSERT INTO [contact_submissions] ([id], [name], [email], [phone], [subject], [message], [status], [created_at]) VALUES (125, 'Parent Year 72', 'parent_year72@email.com', '98765435072', 'Chatbot Lead', 'Enquiry for Playgroup class.', 'RESOLVED', '2026-03-04 06:51:25.977');
INSERT INTO [contact_submissions] ([id], [name], [email], [phone], [subject], [message], [status], [created_at]) VALUES (126, 'Parent Year 73', 'parent_year73@email.com', '98765435073', 'Chatbot Lead', 'Enquiry for Playgroup class.', 'RESOLVED', '2026-02-04 06:51:25.977');
INSERT INTO [contact_submissions] ([id], [name], [email], [phone], [subject], [message], [status], [created_at]) VALUES (127, 'Parent Year 74', 'parent_year74@email.com', '98765435074', 'Chatbot Lead', 'Enquiry for Playgroup class.', 'RESOLVED', '2026-03-03 06:51:25.977');
INSERT INTO [contact_submissions] ([id], [name], [email], [phone], [subject], [message], [status], [created_at]) VALUES (128, 'Parent Year 75', 'parent_year75@email.com', '98765435075', 'Chatbot Lead', 'Enquiry for Playgroup class.', 'RESOLVED', '2026-04-07 06:51:25.977');
INSERT INTO [contact_submissions] ([id], [name], [email], [phone], [subject], [message], [status], [created_at]) VALUES (129, 'Parent Year 76', 'parent_year76@email.com', '98765435076', 'Chatbot Lead', 'Enquiry for Playgroup class.', 'RESOLVED', '2026-03-15 06:51:25.977');
INSERT INTO [contact_submissions] ([id], [name], [email], [phone], [subject], [message], [status], [created_at]) VALUES (130, 'Parent Year 77', 'parent_year77@email.com', '98765435077', 'Chatbot Lead', 'Enquiry for Playgroup class.', 'RESOLVED', '2026-02-15 06:51:25.977');
INSERT INTO [contact_submissions] ([id], [name], [email], [phone], [subject], [message], [status], [created_at]) VALUES (131, 'Parent Year 78', 'parent_year78@email.com', '98765435078', 'Chatbot Lead', 'Enquiry for Playgroup class.', 'RESOLVED', '2026-03-01 06:51:25.977');
INSERT INTO [contact_submissions] ([id], [name], [email], [phone], [subject], [message], [status], [created_at]) VALUES (132, 'Parent Year 79', 'parent_year79@email.com', '98765435079', 'Chatbot Lead', 'Enquiry for Playgroup class.', 'RESOLVED', '2026-04-21 06:51:25.977');
INSERT INTO [contact_submissions] ([id], [name], [email], [phone], [subject], [message], [status], [created_at]) VALUES (133, 'Parent Year 80', 'parent_year80@email.com', '98765435080', 'Chatbot Lead', 'Enquiry for Playgroup class.', 'RESOLVED', '2026-01-23 06:51:25.977');
INSERT INTO [contact_submissions] ([id], [name], [email], [phone], [subject], [message], [status], [created_at]) VALUES (134, 'Parent Year 81', 'parent_year81@email.com', '98765435081', 'Chatbot Lead', 'Enquiry for Playgroup class.', 'RESOLVED', '2026-03-26 06:51:25.977');
INSERT INTO [contact_submissions] ([id], [name], [email], [phone], [subject], [message], [status], [created_at]) VALUES (135, 'Parent Year 82', 'parent_year82@email.com', '98765435082', 'Chatbot Lead', 'Enquiry for Playgroup class.', 'RESOLVED', '2026-02-25 06:51:25.977');
INSERT INTO [contact_submissions] ([id], [name], [email], [phone], [subject], [message], [status], [created_at]) VALUES (136, 'Parent Year 83', 'parent_year83@email.com', '98765435083', 'Chatbot Lead', 'Enquiry for Playgroup class.', 'RESOLVED', '2026-05-12 06:51:25.977');
INSERT INTO [contact_submissions] ([id], [name], [email], [phone], [subject], [message], [status], [created_at]) VALUES (137, 'Parent Year 84', 'parent_year84@email.com', '98765435084', 'Chatbot Lead', 'Enquiry for Playgroup class.', 'RESOLVED', '2026-01-10 06:51:25.977');
INSERT INTO [contact_submissions] ([id], [name], [email], [phone], [subject], [message], [status], [created_at]) VALUES (138, 'Parent Year 85', 'parent_year85@email.com', '98765435085', 'Chatbot Lead', 'Enquiry for Playgroup class.', 'RESOLVED', '2026-03-14 06:51:25.977');
INSERT INTO [contact_submissions] ([id], [name], [email], [phone], [subject], [message], [status], [created_at]) VALUES (139, 'Parent Year 86', 'parent_year86@email.com', '98765435086', 'Chatbot Lead', 'Enquiry for Playgroup class.', 'RESOLVED', '2026-04-27 06:51:25.977');
INSERT INTO [contact_submissions] ([id], [name], [email], [phone], [subject], [message], [status], [created_at]) VALUES (140, 'Parent Year 87', 'parent_year87@email.com', '98765435087', 'Chatbot Lead', 'Enquiry for Playgroup class.', 'RESOLVED', '2026-01-27 06:51:25.977');
INSERT INTO [contact_submissions] ([id], [name], [email], [phone], [subject], [message], [status], [created_at]) VALUES (141, 'Parent Year 88', 'parent_year88@email.com', '98765435088', 'Chatbot Lead', 'Enquiry for Playgroup class.', 'RESOLVED', '2026-05-20 06:51:25.977');
INSERT INTO [contact_submissions] ([id], [name], [email], [phone], [subject], [message], [status], [created_at]) VALUES (142, 'Parent Year 89', 'parent_year89@email.com', '98765435089', 'Chatbot Lead', 'Enquiry for Playgroup class.', 'RESOLVED', '2026-03-15 06:51:25.977');
INSERT INTO [contact_submissions] ([id], [name], [email], [phone], [subject], [message], [status], [created_at]) VALUES (143, 'Parent Year 90', 'parent_year90@email.com', '98765435090', 'Chatbot Lead', 'Enquiry for Playgroup class.', 'RESOLVED', '2026-03-08 06:51:25.977');
INSERT INTO [contact_submissions] ([id], [name], [email], [phone], [subject], [message], [status], [created_at]) VALUES (144, 'Parent Year 91', 'parent_year91@email.com', '98765435091', 'Chatbot Lead', 'Enquiry for Playgroup class.', 'RESOLVED', '2026-05-22 06:51:25.977');
INSERT INTO [contact_submissions] ([id], [name], [email], [phone], [subject], [message], [status], [created_at]) VALUES (145, 'Parent Year 92', 'parent_year92@email.com', '98765435092', 'Chatbot Lead', 'Enquiry for Playgroup class.', 'RESOLVED', '2026-05-11 06:51:25.977');
INSERT INTO [contact_submissions] ([id], [name], [email], [phone], [subject], [message], [status], [created_at]) VALUES (146, 'Parent Year 93', 'parent_year93@email.com', '98765435093', 'Chatbot Lead', 'Enquiry for Playgroup class.', 'RESOLVED', '2026-05-06 06:51:25.977');
INSERT INTO [contact_submissions] ([id], [name], [email], [phone], [subject], [message], [status], [created_at]) VALUES (147, 'Parent Year 94', 'parent_year94@email.com', '98765435094', 'Chatbot Lead', 'Enquiry for Playgroup class.', 'RESOLVED', '2026-01-22 06:51:25.977');
INSERT INTO [contact_submissions] ([id], [name], [email], [phone], [subject], [message], [status], [created_at]) VALUES (148, 'Parent Year 95', 'parent_year95@email.com', '98765435095', 'Chatbot Lead', 'Enquiry for Playgroup class.', 'RESOLVED', '2026-04-13 06:51:25.977');
INSERT INTO [contact_submissions] ([id], [name], [email], [phone], [subject], [message], [status], [created_at]) VALUES (149, 'Parent Year 96', 'parent_year96@email.com', '98765435096', 'Chatbot Lead', 'Enquiry for Playgroup class.', 'RESOLVED', '2026-03-02 06:51:25.977');
INSERT INTO [contact_submissions] ([id], [name], [email], [phone], [subject], [message], [status], [created_at]) VALUES (150, 'Parent Year 97', 'parent_year97@email.com', '98765435097', 'Chatbot Lead', 'Enquiry for Playgroup class.', 'RESOLVED', '2026-06-07 06:51:25.977');
INSERT INTO [contact_submissions] ([id], [name], [email], [phone], [subject], [message], [status], [created_at]) VALUES (151, 'Parent Year 98', 'parent_year98@email.com', '98765435098', 'Chatbot Lead', 'Enquiry for Playgroup class.', 'RESOLVED', '2026-02-08 06:51:25.977');
INSERT INTO [contact_submissions] ([id], [name], [email], [phone], [subject], [message], [status], [created_at]) VALUES (152, 'Parent Year 99', 'parent_year99@email.com', '98765435099', 'Chatbot Lead', 'Enquiry for Playgroup class.', 'RESOLVED', '2026-05-22 06:51:25.977');
INSERT INTO [contact_submissions] ([id], [name], [email], [phone], [subject], [message], [status], [created_at]) VALUES (153, 'Parent Year 100', 'parent_year100@email.com', '987654350100', 'Chatbot Lead', 'Enquiry for Playgroup class.', 'RESOLVED', '2026-03-19 06:51:25.977');
INSERT INTO [contact_submissions] ([id], [name], [email], [phone], [subject], [message], [status], [created_at]) VALUES (154, 'Parent Year 101', 'parent_year101@email.com', '987654350101', 'Chatbot Lead', 'Enquiry for Playgroup class.', 'RESOLVED', '2026-05-30 06:51:25.977');
INSERT INTO [contact_submissions] ([id], [name], [email], [phone], [subject], [message], [status], [created_at]) VALUES (155, 'Parent Year 102', 'parent_year102@email.com', '987654350102', 'Chatbot Lead', 'Enquiry for Playgroup class.', 'RESOLVED', '2026-05-24 06:51:25.977');
INSERT INTO [contact_submissions] ([id], [name], [email], [phone], [subject], [message], [status], [created_at]) VALUES (156, 'Parent Year 103', 'parent_year103@email.com', '987654350103', 'Chatbot Lead', 'Enquiry for Playgroup class.', 'RESOLVED', '2026-03-13 06:51:25.977');
INSERT INTO [contact_submissions] ([id], [name], [email], [phone], [subject], [message], [status], [created_at]) VALUES (157, 'Parent Year 104', 'parent_year104@email.com', '987654350104', 'Chatbot Lead', 'Enquiry for Playgroup class.', 'RESOLVED', '2026-05-15 06:51:25.977');
INSERT INTO [contact_submissions] ([id], [name], [email], [phone], [subject], [message], [status], [created_at]) VALUES (158, 'Parent Year 105', 'parent_year105@email.com', '987654350105', 'Chatbot Lead', 'Enquiry for Playgroup class.', 'RESOLVED', '2026-01-10 06:51:25.977');
INSERT INTO [contact_submissions] ([id], [name], [email], [phone], [subject], [message], [status], [created_at]) VALUES (159, 'Parent Year 106', 'parent_year106@email.com', '987654350106', 'Chatbot Lead', 'Enquiry for Playgroup class.', 'RESOLVED', '2026-05-30 06:51:25.977');
INSERT INTO [contact_submissions] ([id], [name], [email], [phone], [subject], [message], [status], [created_at]) VALUES (160, 'Parent Year 107', 'parent_year107@email.com', '987654350107', 'Chatbot Lead', 'Enquiry for Playgroup class.', 'RESOLVED', '2026-05-25 06:51:25.977');
INSERT INTO [contact_submissions] ([id], [name], [email], [phone], [subject], [message], [status], [created_at]) VALUES (161, 'Parent Year 108', 'parent_year108@email.com', '987654350108', 'Chatbot Lead', 'Enquiry for Playgroup class.', 'RESOLVED', '2026-04-20 06:51:25.977');
INSERT INTO [contact_submissions] ([id], [name], [email], [phone], [subject], [message], [status], [created_at]) VALUES (162, 'Parent Year 109', 'parent_year109@email.com', '987654350109', 'Chatbot Lead', 'Enquiry for Playgroup class.', 'RESOLVED', '2026-01-19 06:51:25.977');
INSERT INTO [contact_submissions] ([id], [name], [email], [phone], [subject], [message], [status], [created_at]) VALUES (163, 'Parent Year 110', 'parent_year110@email.com', '987654350110', 'Chatbot Lead', 'Enquiry for Playgroup class.', 'RESOLVED', '2026-03-18 06:51:25.977');
INSERT INTO [contact_submissions] ([id], [name], [email], [phone], [subject], [message], [status], [created_at]) VALUES (164, 'Parent Year 111', 'parent_year111@email.com', '987654350111', 'Chatbot Lead', 'Enquiry for Playgroup class.', 'RESOLVED', '2026-04-02 06:51:25.977');
INSERT INTO [contact_submissions] ([id], [name], [email], [phone], [subject], [message], [status], [created_at]) VALUES (165, 'Parent Year 112', 'parent_year112@email.com', '987654350112', 'Chatbot Lead', 'Enquiry for Playgroup class.', 'RESOLVED', '2026-03-21 06:51:25.977');
INSERT INTO [contact_submissions] ([id], [name], [email], [phone], [subject], [message], [status], [created_at]) VALUES (166, 'Parent Year 113', 'parent_year113@email.com', '987654350113', 'Chatbot Lead', 'Enquiry for Playgroup class.', 'RESOLVED', '2026-04-19 06:51:25.977');
INSERT INTO [contact_submissions] ([id], [name], [email], [phone], [subject], [message], [status], [created_at]) VALUES (167, 'Parent Year 114', 'parent_year114@email.com', '987654350114', 'Chatbot Lead', 'Enquiry for Playgroup class.', 'RESOLVED', '2026-03-18 06:51:25.977');
INSERT INTO [contact_submissions] ([id], [name], [email], [phone], [subject], [message], [status], [created_at]) VALUES (168, 'Parent Year 115', 'parent_year115@email.com', '987654350115', 'Chatbot Lead', 'Enquiry for Playgroup class.', 'RESOLVED', '2026-02-01 06:51:25.977');
INSERT INTO [contact_submissions] ([id], [name], [email], [phone], [subject], [message], [status], [created_at]) VALUES (169, 'Parent Year 116', 'parent_year116@email.com', '987654350116', 'Chatbot Lead', 'Enquiry for Playgroup class.', 'RESOLVED', '2026-05-25 06:51:25.977');
INSERT INTO [contact_submissions] ([id], [name], [email], [phone], [subject], [message], [status], [created_at]) VALUES (170, 'Parent Year 117', 'parent_year117@email.com', '987654350117', 'Chatbot Lead', 'Enquiry for Playgroup class.', 'RESOLVED', '2026-06-07 06:51:25.977');
INSERT INTO [contact_submissions] ([id], [name], [email], [phone], [subject], [message], [status], [created_at]) VALUES (171, 'Parent Year 118', 'parent_year118@email.com', '987654350118', 'Chatbot Lead', 'Enquiry for Playgroup class.', 'RESOLVED', '2026-05-27 06:51:25.977');
INSERT INTO [contact_submissions] ([id], [name], [email], [phone], [subject], [message], [status], [created_at]) VALUES (172, 'Parent Year 119', 'parent_year119@email.com', '987654350119', 'Chatbot Lead', 'Enquiry for Playgroup class.', 'RESOLVED', '2026-01-20 06:51:25.977');
INSERT INTO [contact_submissions] ([id], [name], [email], [phone], [subject], [message], [status], [created_at]) VALUES (173, 'Parent Year 120', 'parent_year120@email.com', '987654350120', 'Chatbot Lead', 'Enquiry for Playgroup class.', 'RESOLVED', '2026-04-24 06:51:25.977');
INSERT INTO [contact_submissions] ([id], [name], [email], [phone], [subject], [message], [status], [created_at]) VALUES (174, 'Parent Year 121', 'parent_year121@email.com', '987654350121', 'Chatbot Lead', 'Enquiry for Playgroup class.', 'RESOLVED', '2026-05-17 06:51:25.977');
INSERT INTO [contact_submissions] ([id], [name], [email], [phone], [subject], [message], [status], [created_at]) VALUES (175, 'Parent Year 122', 'parent_year122@email.com', '987654350122', 'Chatbot Lead', 'Enquiry for Playgroup class.', 'RESOLVED', '2026-02-03 06:51:25.977');
INSERT INTO [contact_submissions] ([id], [name], [email], [phone], [subject], [message], [status], [created_at]) VALUES (176, 'Parent Year 123', 'parent_year123@email.com', '987654350123', 'Chatbot Lead', 'Enquiry for Playgroup class.', 'RESOLVED', '2026-05-15 06:51:25.977');
INSERT INTO [contact_submissions] ([id], [name], [email], [phone], [subject], [message], [status], [created_at]) VALUES (177, 'Parent Year 124', 'parent_year124@email.com', '987654350124', 'Chatbot Lead', 'Enquiry for Playgroup class.', 'RESOLVED', '2026-03-04 06:51:25.977');
INSERT INTO [contact_submissions] ([id], [name], [email], [phone], [subject], [message], [status], [created_at]) VALUES (178, 'Parent Year 125', 'parent_year125@email.com', '987654350125', 'Chatbot Lead', 'Enquiry for Playgroup class.', 'RESOLVED', '2026-01-30 06:51:25.977');
INSERT INTO [contact_submissions] ([id], [name], [email], [phone], [subject], [message], [status], [created_at]) VALUES (179, 'Parent Year 126', 'parent_year126@email.com', '987654350126', 'Chatbot Lead', 'Enquiry for Playgroup class.', 'RESOLVED', '2026-03-15 06:51:25.977');
INSERT INTO [contact_submissions] ([id], [name], [email], [phone], [subject], [message], [status], [created_at]) VALUES (180, 'Parent Year 127', 'parent_year127@email.com', '987654350127', 'Chatbot Lead', 'Enquiry for Playgroup class.', 'RESOLVED', '2026-02-27 06:51:25.977');
INSERT INTO [contact_submissions] ([id], [name], [email], [phone], [subject], [message], [status], [created_at]) VALUES (181, 'Parent Year 128', 'parent_year128@email.com', '987654350128', 'Chatbot Lead', 'Enquiry for Playgroup class.', 'RESOLVED', '2026-01-20 06:51:25.977');
INSERT INTO [contact_submissions] ([id], [name], [email], [phone], [subject], [message], [status], [created_at]) VALUES (182, 'Parent Year 129', 'parent_year129@email.com', '987654350129', 'Chatbot Lead', 'Enquiry for Playgroup class.', 'RESOLVED', '2026-02-16 06:51:25.977');
INSERT INTO [contact_submissions] ([id], [name], [email], [phone], [subject], [message], [status], [created_at]) VALUES (183, 'Parent Year 130', 'parent_year130@email.com', '987654350130', 'Chatbot Lead', 'Enquiry for Playgroup class.', 'RESOLVED', '2026-03-23 06:51:25.977');
INSERT INTO [contact_submissions] ([id], [name], [email], [phone], [subject], [message], [status], [created_at]) VALUES (184, 'Parent Year 131', 'parent_year131@email.com', '987654350131', 'Chatbot Lead', 'Enquiry for Playgroup class.', 'RESOLVED', '2026-02-27 06:51:25.977');
INSERT INTO [contact_submissions] ([id], [name], [email], [phone], [subject], [message], [status], [created_at]) VALUES (185, 'Parent Year 132', 'parent_year132@email.com', '987654350132', 'Chatbot Lead', 'Enquiry for Playgroup class.', 'RESOLVED', '2026-02-26 06:51:25.977');
INSERT INTO [contact_submissions] ([id], [name], [email], [phone], [subject], [message], [status], [created_at]) VALUES (186, 'Parent Year 133', 'parent_year133@email.com', '987654350133', 'Chatbot Lead', 'Enquiry for Playgroup class.', 'RESOLVED', '2026-05-06 06:51:25.977');
INSERT INTO [contact_submissions] ([id], [name], [email], [phone], [subject], [message], [status], [created_at]) VALUES (187, 'Parent Year 134', 'parent_year134@email.com', '987654350134', 'Chatbot Lead', 'Enquiry for Playgroup class.', 'RESOLVED', '2026-02-11 06:51:25.977');
INSERT INTO [contact_submissions] ([id], [name], [email], [phone], [subject], [message], [status], [created_at]) VALUES (188, 'Parent Year 135', 'parent_year135@email.com', '987654350135', 'Chatbot Lead', 'Enquiry for Playgroup class.', 'RESOLVED', '2026-02-25 06:51:25.977');
INSERT INTO [contact_submissions] ([id], [name], [email], [phone], [subject], [message], [status], [created_at]) VALUES (189, 'Parent Year 136', 'parent_year136@email.com', '987654350136', 'Chatbot Lead', 'Enquiry for Playgroup class.', 'RESOLVED', '2026-01-22 06:51:25.977');
INSERT INTO [contact_submissions] ([id], [name], [email], [phone], [subject], [message], [status], [created_at]) VALUES (190, 'Parent Year 137', 'parent_year137@email.com', '987654350137', 'Chatbot Lead', 'Enquiry for Playgroup class.', 'RESOLVED', '2026-05-06 06:51:25.977');
INSERT INTO [contact_submissions] ([id], [name], [email], [phone], [subject], [message], [status], [created_at]) VALUES (191, 'Parent Year 138', 'parent_year138@email.com', '987654350138', 'Chatbot Lead', 'Enquiry for Playgroup class.', 'RESOLVED', '2026-01-19 06:51:25.977');
INSERT INTO [contact_submissions] ([id], [name], [email], [phone], [subject], [message], [status], [created_at]) VALUES (192, 'Parent Year 139', 'parent_year139@email.com', '987654350139', 'Chatbot Lead', 'Enquiry for Playgroup class.', 'RESOLVED', '2026-02-15 06:51:25.977');
INSERT INTO [contact_submissions] ([id], [name], [email], [phone], [subject], [message], [status], [created_at]) VALUES (193, 'Parent Year 140', 'parent_year140@email.com', '987654350140', 'Chatbot Lead', 'Enquiry for Playgroup class.', 'RESOLVED', '2026-04-16 06:51:25.977');
INSERT INTO [contact_submissions] ([id], [name], [email], [phone], [subject], [message], [status], [created_at]) VALUES (194, 'Parent Year 141', 'parent_year141@email.com', '987654350141', 'Chatbot Lead', 'Enquiry for Playgroup class.', 'RESOLVED', '2026-01-23 06:51:25.977');
INSERT INTO [contact_submissions] ([id], [name], [email], [phone], [subject], [message], [status], [created_at]) VALUES (195, 'Parent Year 142', 'parent_year142@email.com', '987654350142', 'Chatbot Lead', 'Enquiry for Playgroup class.', 'RESOLVED', '2026-04-22 06:51:25.977');
INSERT INTO [contact_submissions] ([id], [name], [email], [phone], [subject], [message], [status], [created_at]) VALUES (196, 'Parent Year 143', 'parent_year143@email.com', '987654350143', 'Chatbot Lead', 'Enquiry for Playgroup class.', 'RESOLVED', '2026-05-10 06:51:25.977');
INSERT INTO [contact_submissions] ([id], [name], [email], [phone], [subject], [message], [status], [created_at]) VALUES (197, 'Parent Year 144', 'parent_year144@email.com', '987654350144', 'Chatbot Lead', 'Enquiry for Playgroup class.', 'RESOLVED', '2026-04-28 06:51:25.977');
INSERT INTO [contact_submissions] ([id], [name], [email], [phone], [subject], [message], [status], [created_at]) VALUES (198, 'Parent Year 145', 'parent_year145@email.com', '987654350145', 'Chatbot Lead', 'Enquiry for Playgroup class.', 'RESOLVED', '2026-05-13 06:51:25.977');
INSERT INTO [contact_submissions] ([id], [name], [email], [phone], [subject], [message], [status], [created_at]) VALUES (199, 'Parent Year 146', 'parent_year146@email.com', '987654350146', 'Chatbot Lead', 'Enquiry for Playgroup class.', 'RESOLVED', '2026-01-10 06:51:25.977');
INSERT INTO [contact_submissions] ([id], [name], [email], [phone], [subject], [message], [status], [created_at]) VALUES (200, 'Parent Year 147', 'parent_year147@email.com', '987654350147', 'Chatbot Lead', 'Enquiry for Playgroup class.', 'RESOLVED', '2026-05-27 06:51:25.977');
INSERT INTO [contact_submissions] ([id], [name], [email], [phone], [subject], [message], [status], [created_at]) VALUES (201, 'Parent Year 148', 'parent_year148@email.com', '987654350148', 'Chatbot Lead', 'Enquiry for Playgroup class.', 'RESOLVED', '2026-03-11 06:51:25.977');
INSERT INTO [contact_submissions] ([id], [name], [email], [phone], [subject], [message], [status], [created_at]) VALUES (202, 'Parent Year 149', 'parent_year149@email.com', '987654350149', 'Chatbot Lead', 'Enquiry for Playgroup class.', 'RESOLVED', '2026-01-25 06:51:25.977');
INSERT INTO [contact_submissions] ([id], [name], [email], [phone], [subject], [message], [status], [created_at]) VALUES (203, 'Parent Year 150', 'parent_year150@email.com', '987654350150', 'Chatbot Lead', 'Enquiry for Playgroup class.', 'RESOLVED', '2026-04-05 06:51:25.977');
INSERT INTO [contact_submissions] ([id], [name], [email], [phone], [subject], [message], [status], [created_at]) VALUES (204, 'Parent Year 151', 'parent_year151@email.com', '987654350151', 'Chatbot Lead', 'Enquiry for Playgroup class.', 'RESOLVED', '2026-05-04 06:51:25.977');
INSERT INTO [contact_submissions] ([id], [name], [email], [phone], [subject], [message], [status], [created_at]) VALUES (205, 'Parent Year 152', 'parent_year152@email.com', '987654350152', 'Chatbot Lead', 'Enquiry for Playgroup class.', 'RESOLVED', '2026-02-08 06:51:25.977');
INSERT INTO [contact_submissions] ([id], [name], [email], [phone], [subject], [message], [status], [created_at]) VALUES (206, 'Parent Year 153', 'parent_year153@email.com', '987654350153', 'Chatbot Lead', 'Enquiry for Playgroup class.', 'RESOLVED', '2026-01-08 06:51:25.977');
INSERT INTO [contact_submissions] ([id], [name], [email], [phone], [subject], [message], [status], [created_at]) VALUES (207, 'Parent Year 154', 'parent_year154@email.com', '987654350154', 'Chatbot Lead', 'Enquiry for Playgroup class.', 'RESOLVED', '2026-02-19 06:51:25.977');
INSERT INTO [contact_submissions] ([id], [name], [email], [phone], [subject], [message], [status], [created_at]) VALUES (208, 'Parent Year 155', 'parent_year155@email.com', '987654350155', 'Chatbot Lead', 'Enquiry for Playgroup class.', 'RESOLVED', '2026-04-20 06:51:25.977');
INSERT INTO [contact_submissions] ([id], [name], [email], [phone], [subject], [message], [status], [created_at]) VALUES (209, 'Parent Year 156', 'parent_year156@email.com', '987654350156', 'Chatbot Lead', 'Enquiry for Playgroup class.', 'RESOLVED', '2026-05-04 06:51:25.977');
INSERT INTO [contact_submissions] ([id], [name], [email], [phone], [subject], [message], [status], [created_at]) VALUES (210, 'Parent Year 157', 'parent_year157@email.com', '987654350157', 'Chatbot Lead', 'Enquiry for Playgroup class.', 'RESOLVED', '2026-02-06 06:51:25.977');
INSERT INTO [contact_submissions] ([id], [name], [email], [phone], [subject], [message], [status], [created_at]) VALUES (211, 'Parent Year 158', 'parent_year158@email.com', '987654350158', 'Chatbot Lead', 'Enquiry for Playgroup class.', 'RESOLVED', '2026-04-07 06:51:25.977');
INSERT INTO [contact_submissions] ([id], [name], [email], [phone], [subject], [message], [status], [created_at]) VALUES (212, 'Parent Year 159', 'parent_year159@email.com', '987654350159', 'Chatbot Lead', 'Enquiry for Playgroup class.', 'RESOLVED', '2026-03-18 06:51:25.977');
INSERT INTO [contact_submissions] ([id], [name], [email], [phone], [subject], [message], [status], [created_at]) VALUES (213, 'Parent Year 160', 'parent_year160@email.com', '987654350160', 'Chatbot Lead', 'Enquiry for Playgroup class.', 'RESOLVED', '2026-02-18 06:51:25.977');
INSERT INTO [contact_submissions] ([id], [name], [email], [phone], [subject], [message], [status], [created_at]) VALUES (214, 'Parent Year 161', 'parent_year161@email.com', '987654350161', 'Chatbot Lead', 'Enquiry for Playgroup class.', 'RESOLVED', '2026-02-08 06:51:25.977');
INSERT INTO [contact_submissions] ([id], [name], [email], [phone], [subject], [message], [status], [created_at]) VALUES (215, 'Parent Year 162', 'parent_year162@email.com', '987654350162', 'Chatbot Lead', 'Enquiry for Playgroup class.', 'RESOLVED', '2026-01-08 06:51:25.977');
INSERT INTO [contact_submissions] ([id], [name], [email], [phone], [subject], [message], [status], [created_at]) VALUES (216, 'Parent Year 163', 'parent_year163@email.com', '987654350163', 'Chatbot Lead', 'Enquiry for Playgroup class.', 'RESOLVED', '2026-01-21 06:51:25.977');
INSERT INTO [contact_submissions] ([id], [name], [email], [phone], [subject], [message], [status], [created_at]) VALUES (217, 'Parent Year 164', 'parent_year164@email.com', '987654350164', 'Chatbot Lead', 'Enquiry for Playgroup class.', 'RESOLVED', '2026-01-28 06:51:25.977');
INSERT INTO [contact_submissions] ([id], [name], [email], [phone], [subject], [message], [status], [created_at]) VALUES (218, 'Parent Year 165', 'parent_year165@email.com', '987654350165', 'Chatbot Lead', 'Enquiry for Playgroup class.', 'RESOLVED', '2026-03-03 06:51:25.977');
INSERT INTO [contact_submissions] ([id], [name], [email], [phone], [subject], [message], [status], [created_at]) VALUES (219, 'Parent Year 166', 'parent_year166@email.com', '987654350166', 'Chatbot Lead', 'Enquiry for Playgroup class.', 'RESOLVED', '2026-01-27 06:51:25.977');
INSERT INTO [contact_submissions] ([id], [name], [email], [phone], [subject], [message], [status], [created_at]) VALUES (220, 'Parent Year 167', 'parent_year167@email.com', '987654350167', 'Chatbot Lead', 'Enquiry for Playgroup class.', 'RESOLVED', '2026-04-04 06:51:25.977');
INSERT INTO [contact_submissions] ([id], [name], [email], [phone], [subject], [message], [status], [created_at]) VALUES (221, 'Transfer Parent 0', 'tc_parent0@email.com', '9876543600', 'Transfer Certificate Request', 'We are moving out of the city and require a Transfer Certificate (TC) for my child. Please issue it.', 'NEW', '2026-05-27 06:51:25.977');
INSERT INTO [contact_submissions] ([id], [name], [email], [phone], [subject], [message], [status], [created_at]) VALUES (222, 'Transfer Parent 1', 'tc_parent1@email.com', '9876543601', 'Transfer Certificate Request', 'We are moving out of the city and require a Transfer Certificate (TC) for my child. Please issue it.', 'NEW', '2026-06-24 06:51:25.977');
INSERT INTO [contact_submissions] ([id], [name], [email], [phone], [subject], [message], [status], [created_at]) VALUES (223, 'Transfer Parent 2', 'tc_parent2@email.com', '9876543602', 'Transfer Certificate Request', 'We are moving out of the city and require a Transfer Certificate (TC) for my child. Please issue it.', 'NEW', '2026-06-01 06:51:25.977');
INSERT INTO [contact_submissions] ([id], [name], [email], [phone], [subject], [message], [status], [created_at]) VALUES (224, 'Transfer Parent 3', 'tc_parent3@email.com', '9876543603', 'Transfer Certificate Request', 'We are moving out of the city and require a Transfer Certificate (TC) for my child. Please issue it.', 'NEW', '2026-06-07 06:51:25.977');
INSERT INTO [contact_submissions] ([id], [name], [email], [phone], [subject], [message], [status], [created_at]) VALUES (225, 'Transfer Parent 4', 'tc_parent4@email.com', '9876543604', 'Transfer Certificate Request', 'We are moving out of the city and require a Transfer Certificate (TC) for my child. Please issue it.', 'RESOLVED', '2026-06-01 06:51:25.977');
INSERT INTO [contact_submissions] ([id], [name], [email], [phone], [subject], [message], [status], [created_at]) VALUES (226, 'Transfer Parent 5', 'tc_parent5@email.com', '9876543605', 'Transfer Certificate Request', 'We are moving out of the city and require a Transfer Certificate (TC) for my child. Please issue it.', 'RESOLVED', '2026-05-29 06:51:25.977');
INSERT INTO [contact_submissions] ([id], [name], [email], [phone], [subject], [message], [status], [created_at]) VALUES (227, 'Transfer Parent 6', 'tc_parent6@email.com', '9876543606', 'Transfer Certificate Request', 'We are moving out of the city and require a Transfer Certificate (TC) for my child. Please issue it.', 'RESOLVED', '2026-05-27 06:51:25.977');
INSERT INTO [contact_submissions] ([id], [name], [email], [phone], [subject], [message], [status], [created_at]) VALUES (228, 'Transfer Parent 7', 'tc_parent7@email.com', '9876543607', 'Transfer Certificate Request', 'We are moving out of the city and require a Transfer Certificate (TC) for my child. Please issue it.', 'RESOLVED', '2026-06-17 06:51:25.977');
INSERT INTO [contact_submissions] ([id], [name], [email], [phone], [subject], [message], [status], [created_at]) VALUES (229, 'Transfer Parent 8', 'tc_parent8@email.com', '9876543608', 'Transfer Certificate Request', 'We are moving out of the city and require a Transfer Certificate (TC) for my child. Please issue it.', 'RESOLVED', '2026-06-05 06:51:25.977');
INSERT INTO [contact_submissions] ([id], [name], [email], [phone], [subject], [message], [status], [created_at]) VALUES (230, 'Transfer Parent 9', 'tc_parent9@email.com', '9876543609', 'Transfer Certificate Request', 'We are moving out of the city and require a Transfer Certificate (TC) for my child. Please issue it.', 'RESOLVED', '2026-05-23 06:51:25.977');
INSERT INTO [contact_submissions] ([id], [name], [email], [phone], [subject], [message], [status], [created_at]) VALUES (231, 'Transfer Parent 10', 'tc_parent10@email.com', '98765436010', 'Transfer Certificate Request', 'We are moving out of the city and require a Transfer Certificate (TC) for my child. Please issue it.', 'RESOLVED', '2026-07-04 06:51:25.977');
INSERT INTO [contact_submissions] ([id], [name], [email], [phone], [subject], [message], [status], [created_at]) VALUES (232, 'Transfer Parent 11', 'tc_parent11@email.com', '98765436011', 'Transfer Certificate Request', 'We are moving out of the city and require a Transfer Certificate (TC) for my child. Please issue it.', 'RESOLVED', '2026-06-30 06:51:25.977');
INSERT INTO [contact_submissions] ([id], [name], [email], [phone], [subject], [message], [status], [created_at]) VALUES (233, 'Inquirer 0', 'inquirer0@email.com', '9876543700', 'General Enquiry', 'What are the school operating hours?', 'RESOLVED', '2026-05-04 06:51:25.977');
INSERT INTO [contact_submissions] ([id], [name], [email], [phone], [subject], [message], [status], [created_at]) VALUES (234, 'Inquirer 1', 'inquirer1@email.com', '9876543701', 'General Enquiry', 'What are the school operating hours?', 'RESOLVED', '2026-04-10 06:51:25.977');
INSERT INTO [contact_submissions] ([id], [name], [email], [phone], [subject], [message], [status], [created_at]) VALUES (235, 'Inquirer 2', 'inquirer2@email.com', '9876543702', 'General Enquiry', 'What are the school operating hours?', 'RESOLVED', '2026-05-14 06:51:25.977');
INSERT INTO [contact_submissions] ([id], [name], [email], [phone], [subject], [message], [status], [created_at]) VALUES (236, 'Inquirer 3', 'inquirer3@email.com', '9876543703', 'General Enquiry', 'What are the school operating hours?', 'RESOLVED', '2026-04-22 06:51:25.977');
INSERT INTO [contact_submissions] ([id], [name], [email], [phone], [subject], [message], [status], [created_at]) VALUES (237, 'Inquirer 4', 'inquirer4@email.com', '9876543704', 'General Enquiry', 'What are the school operating hours?', 'RESOLVED', '2026-05-22 06:51:25.977');
INSERT INTO [contact_submissions] ([id], [name], [email], [phone], [subject], [message], [status], [created_at]) VALUES (238, 'Inquirer 5', 'inquirer5@email.com', '9876543705', 'General Enquiry', 'What are the school operating hours?', 'RESOLVED', '2026-04-27 06:51:25.977');
INSERT INTO [contact_submissions] ([id], [name], [email], [phone], [subject], [message], [status], [created_at]) VALUES (239, 'Inquirer 6', 'inquirer6@email.com', '9876543706', 'General Enquiry', 'What are the school operating hours?', 'RESOLVED', '2026-05-20 06:51:25.977');
INSERT INTO [contact_submissions] ([id], [name], [email], [phone], [subject], [message], [status], [created_at]) VALUES (240, 'Inquirer 7', 'inquirer7@email.com', '9876543707', 'General Enquiry', 'What are the school operating hours?', 'RESOLVED', '2026-05-23 06:51:25.977');
INSERT INTO [contact_submissions] ([id], [name], [email], [phone], [subject], [message], [status], [created_at]) VALUES (241, 'Inquirer 8', 'inquirer8@email.com', '9876543708', 'General Enquiry', 'What are the school operating hours?', 'RESOLVED', '2026-04-26 06:51:25.977');
INSERT INTO [contact_submissions] ([id], [name], [email], [phone], [subject], [message], [status], [created_at]) VALUES (242, 'Inquirer 9', 'inquirer9@email.com', '9876543709', 'General Enquiry', 'What are the school operating hours?', 'RESOLVED', '2026-05-20 06:51:25.977');
INSERT INTO [contact_submissions] ([id], [name], [email], [phone], [subject], [message], [status], [created_at]) VALUES (243, 'Inquirer 10', 'inquirer10@email.com', '98765437010', 'General Enquiry', 'What are the school operating hours?', 'RESOLVED', '2026-05-21 06:51:25.977');
INSERT INTO [contact_submissions] ([id], [name], [email], [phone], [subject], [message], [status], [created_at]) VALUES (244, 'Inquirer 11', 'inquirer11@email.com', '98765437011', 'General Enquiry', 'What are the school operating hours?', 'RESOLVED', '2026-06-11 06:51:25.977');
INSERT INTO [contact_submissions] ([id], [name], [email], [phone], [subject], [message], [status], [created_at]) VALUES (245, 'Inquirer 12', 'inquirer12@email.com', '98765437012', 'General Enquiry', 'What are the school operating hours?', 'RESOLVED', '2026-05-15 06:51:25.977');
INSERT INTO [contact_submissions] ([id], [name], [email], [phone], [subject], [message], [status], [created_at]) VALUES (246, 'Inquirer 13', 'inquirer13@email.com', '98765437013', 'General Enquiry', 'What are the school operating hours?', 'RESOLVED', '2026-04-20 06:51:25.977');
INSERT INTO [contact_submissions] ([id], [name], [email], [phone], [subject], [message], [status], [created_at]) VALUES (247, 'Inquirer 14', 'inquirer14@email.com', '98765437014', 'General Enquiry', 'What are the school operating hours?', 'RESOLVED', '2026-05-20 06:51:25.977');
INSERT INTO [contact_submissions] ([id], [name], [email], [phone], [subject], [message], [status], [created_at]) VALUES (248, 'Inquirer 15', 'inquirer15@email.com', '98765437015', 'General Enquiry', 'What are the school operating hours?', 'RESOLVED', '2026-06-26 06:51:25.977');
INSERT INTO [contact_submissions] ([id], [name], [email], [phone], [subject], [message], [status], [created_at]) VALUES (249, 'Inquirer 16', 'inquirer16@email.com', '98765437016', 'General Enquiry', 'What are the school operating hours?', 'RESOLVED', '2026-06-19 06:51:25.977');
INSERT INTO [contact_submissions] ([id], [name], [email], [phone], [subject], [message], [status], [created_at]) VALUES (250, 'Inquirer 17', 'inquirer17@email.com', '98765437017', 'General Enquiry', 'What are the school operating hours?', 'RESOLVED', '2026-04-15 06:51:25.977');
INSERT INTO [contact_submissions] ([id], [name], [email], [phone], [subject], [message], [status], [created_at]) VALUES (251, 'Inquirer 18', 'inquirer18@email.com', '98765437018', 'General Enquiry', 'What are the school operating hours?', 'RESOLVED', '2026-04-11 06:51:25.977');
INSERT INTO [contact_submissions] ([id], [name], [email], [phone], [subject], [message], [status], [created_at]) VALUES (252, 'Inquirer 19', 'inquirer19@email.com', '98765437019', 'General Enquiry', 'What are the school operating hours?', 'RESOLVED', '2026-05-10 06:51:25.977');
INSERT INTO [contact_submissions] ([id], [name], [email], [phone], [subject], [message], [status], [created_at]) VALUES (253, 'Inquirer 20', 'inquirer20@email.com', '98765437020', 'General Enquiry', 'What are the school operating hours?', 'RESOLVED', '2026-04-24 06:51:25.977');
INSERT INTO [contact_submissions] ([id], [name], [email], [phone], [subject], [message], [status], [created_at]) VALUES (254, 'Inquirer 21', 'inquirer21@email.com', '98765437021', 'General Enquiry', 'What are the school operating hours?', 'RESOLVED', '2026-05-18 06:51:25.977');
INSERT INTO [contact_submissions] ([id], [name], [email], [phone], [subject], [message], [status], [created_at]) VALUES (255, 'Inquirer 22', 'inquirer22@email.com', '98765437022', 'General Enquiry', 'What are the school operating hours?', 'RESOLVED', '2026-06-08 06:51:25.977');
INSERT INTO [contact_submissions] ([id], [name], [email], [phone], [subject], [message], [status], [created_at]) VALUES (256, 'Inquirer 23', 'inquirer23@email.com', '98765437023', 'General Enquiry', 'What are the school operating hours?', 'RESOLVED', '2026-05-10 06:51:25.977');
INSERT INTO [contact_submissions] ([id], [name], [email], [phone], [subject], [message], [status], [created_at]) VALUES (257, 'Inquirer 24', 'inquirer24@email.com', '98765437024', 'General Enquiry', 'What are the school operating hours?', 'RESOLVED', '2026-04-12 06:51:25.977');

SET IDENTITY_INSERT [contact_submissions] OFF;

-- ----------------------------------------------------------
-- Data for table: events
-- ----------------------------------------------------------
SET IDENTITY_INSERT [events] ON;

INSERT INTO [events] ([id], [title], [description], [event_date], [location], [image_url], [is_active], [created_at]) VALUES (1, 'Annual Parents Orientation & High Tea', 'An interactive session for parents to meet class teachers, understand the curriculum structure, and discuss milestones.', '2026-07-21 13:27:41.010', 'School Main Auditorium', '/assets/images/hero_kids_learning.jpg', 1, '2026-07-06 07:57:41.010');
INSERT INTO [events] ([id], [title], [description], [event_date], [location], [image_url], [is_active], [created_at]) VALUES (2, 'Monsoon Splash Carnival 2026', 'A fun-filled event with water games, splash pools, rain dance, and delicious snack stalls for children and parents.', '2026-08-05 13:27:41.010', 'School Open Turf Ground', '/assets/images/gallery_play.jpg', 1, '2026-07-06 07:57:41.010');

SET IDENTITY_INSERT [events] OFF;

-- ----------------------------------------------------------
-- Data for table: faqs
-- ----------------------------------------------------------
SET IDENTITY_INSERT [faqs] ON;

INSERT INTO [faqs] ([id], [question], [answer], [category], [is_active], [sort_order]) VALUES (1, 'What is the student-to-teacher ratio?', 'We maintain an optimal ratio of 10:1 for Toddlers and 12:1 for Kindergarten, each assisted by a qualified helper.', 'Admissions', 1, 1);
INSERT INTO [faqs] ([id], [question], [answer], [category], [is_active], [sort_order]) VALUES (2, 'Do you offer school transportation?', 'Yes, we provide safe, air-conditioned school buses with CCTV cameras, GPS tracking, and female bus attendants.', 'Facilities', 1, 2);
INSERT INTO [faqs] ([id], [question], [answer], [category], [is_active], [sort_order]) VALUES (3, 'How do you handle medical emergencies?', 'We have an in-house nurse, a fully stocked medical room, and a tied-up emergency response ambulance with nearby pediatric hospitals.', 'Safety', 1, 3);
INSERT INTO [faqs] ([id], [question], [answer], [category], [is_active], [sort_order]) VALUES (4, 'Is admissions open mid-term?', 'Yes, admissions for Toddlers and Daycare are open throughout the year, subject to seat availability.', 'Admissions', 1, 4);

SET IDENTITY_INSERT [faqs] OFF;

-- ----------------------------------------------------------
-- Data for table: gallery_items
-- ----------------------------------------------------------
SET IDENTITY_INSERT [gallery_items] ON;

INSERT INTO [gallery_items] ([id], [title], [media_url], [media_type], [category], [is_active], [sort_order]) VALUES (1, 'Robot Learning Lab', 'http://localhost:8000/assets/images/hero_robot_learning.png', 'IMAGE', 'Classrooms', 1, 1);
INSERT INTO [gallery_items] ([id], [title], [media_url], [media_type], [category], [is_active], [sort_order]) VALUES (2, 'Creative Robot Play', 'http://localhost:8000/assets/images/robot_creative_play.png', 'IMAGE', 'Play Area', 1, 2);
INSERT INTO [gallery_items] ([id], [title], [media_url], [media_type], [category], [is_active], [sort_order]) VALUES (3, 'Interactive Science Experiment', 'http://localhost:8000/assets/images/gallery_science.jpg', 'IMAGE', 'Activities', 1, 3);
INSERT INTO [gallery_items] ([id], [title], [media_url], [media_type], [category], [is_active], [sort_order]) VALUES (4, 'Toddler Block Construction', 'http://localhost:8000/assets/images/program_toddler.jpg', 'IMAGE', 'Classrooms', 1, 4);
INSERT INTO [gallery_items] ([id], [title], [media_url], [media_type], [category], [is_active], [sort_order]) VALUES (5, 'Finger Painting Session', 'http://localhost:8000/assets/images/program_preschool.jpg', 'IMAGE', 'Activities', 1, 5);
INSERT INTO [gallery_items] ([id], [title], [media_url], [media_type], [category], [is_active], [sort_order]) VALUES (6, 'Reading Circle Time', 'http://localhost:8000/assets/images/program_kindergarten.jpg', 'IMAGE', 'Classrooms', 1, 6);

SET IDENTITY_INSERT [gallery_items] OFF;

-- ----------------------------------------------------------
-- Data for table: holidays
-- ----------------------------------------------------------
SET IDENTITY_INSERT [holidays] ON;

INSERT INTO [holidays] ([id], [title], [description], [holiday_date], [year], [category], [image_url], [is_active], [created_at]) VALUES (1, 'New Year''s Day', 'Beginning of the year celebration', '2026-01-01', 2026, 'Public Event', NULL, 1, '2026-07-10 01:27:57.820');
INSERT INTO [holidays] ([id], [title], [description], [holiday_date], [year], [category], [image_url], [is_active], [created_at]) VALUES (2, 'Republic Day', 'National holiday of India', '2026-01-26', 2026, 'National Holiday', NULL, 1, '2026-07-10 01:27:57.827');
INSERT INTO [holidays] ([id], [title], [description], [holiday_date], [year], [category], [image_url], [is_active], [created_at]) VALUES (3, 'Maha Shivratri', 'Hindu festival dedicated to Lord Shiva', '2026-02-15', 2026, 'Religious Event', NULL, 1, '2026-07-10 01:27:57.827');
INSERT INTO [holidays] ([id], [title], [description], [holiday_date], [year], [category], [image_url], [is_active], [created_at]) VALUES (4, 'Ugadi', 'Karnataka New Year Festival', '2026-03-19', 2026, 'Religious Event', NULL, 1, '2026-07-10 01:27:57.830');
INSERT INTO [holidays] ([id], [title], [description], [holiday_date], [year], [category], [image_url], [is_active], [created_at]) VALUES (5, 'Good Friday', 'Christian religious holiday', '2026-04-03', 2026, 'Religious Event', NULL, 1, '2026-07-10 01:27:57.830');
INSERT INTO [holidays] ([id], [title], [description], [holiday_date], [year], [category], [image_url], [is_active], [created_at]) VALUES (6, 'Labor Day', 'International Workers'' Day', '2026-05-01', 2026, 'Public Event', NULL, 1, '2026-07-10 01:27:57.837');
INSERT INTO [holidays] ([id], [title], [description], [holiday_date], [year], [category], [image_url], [is_active], [created_at]) VALUES (7, 'Bakrid / Eid al-Adha', 'Islamic festival', '2026-05-28', 2026, 'Religious Event', NULL, 1, '2026-07-10 01:27:57.837');
INSERT INTO [holidays] ([id], [title], [description], [holiday_date], [year], [category], [image_url], [is_active], [created_at]) VALUES (8, 'Independence Day', 'Celebrating national freedom', '2026-08-15', 2026, 'National Holiday', NULL, 1, '2026-07-10 01:27:57.840');
INSERT INTO [holidays] ([id], [title], [description], [holiday_date], [year], [category], [image_url], [is_active], [created_at]) VALUES (9, 'Ganesh Chaturthi', 'Festival honoring Lord Ganesha', '2026-09-15', 2026, 'Religious Event', NULL, 1, '2026-07-10 01:27:57.840');
INSERT INTO [holidays] ([id], [title], [description], [holiday_date], [year], [category], [image_url], [is_active], [created_at]) VALUES (10, 'Gandhi Jayanti', 'Birthday of Mahatma Gandhi', '2026-10-02', 2026, 'National Holiday', NULL, 1, '2026-07-10 01:27:57.843');
INSERT INTO [holidays] ([id], [title], [description], [holiday_date], [year], [category], [image_url], [is_active], [created_at]) VALUES (11, 'Kannada Rajyotsava', 'Karnataka State Formation Day', '2026-11-01', 2026, 'Public Event', NULL, 1, '2026-07-10 01:27:57.843');
INSERT INTO [holidays] ([id], [title], [description], [holiday_date], [year], [category], [image_url], [is_active], [created_at]) VALUES (12, 'Christmas Day', 'Celebrating the birth of Jesus Christ', '2026-12-25', 2026, 'Religious Event', NULL, 1, '2026-07-10 01:27:57.847');
INSERT INTO [holidays] ([id], [title], [description], [holiday_date], [year], [category], [image_url], [is_active], [created_at]) VALUES (13, 'Summer Vacation', 'Summer break for all standard classes', '2026-04-15', 2026, 'Vacation', NULL, 1, '2026-07-14 16:11:37.900');
INSERT INTO [holidays] ([id], [title], [description], [holiday_date], [year], [category], [image_url], [is_active], [created_at]) VALUES (14, 'Winter Break', 'Winter holidays and Christmas recess', '2026-12-24', 2026, 'Vacation', NULL, 1, '2026-07-14 16:11:37.900');

SET IDENTITY_INSERT [holidays] OFF;

-- ----------------------------------------------------------
-- Data for table: page_sections
-- ----------------------------------------------------------
SET IDENTITY_INSERT [page_sections] ON;

INSERT INTO [page_sections] ([id], [page_code], [section_code], [title], [subtitle], [description], [content_json], [media_url], [is_active], [sort_order]) VALUES (1, 'home', 'hero', 'Igniting the Joy of Learning', 'Best Preschool Experience for your Little Ones', 'We offer a child-centered approach that develops key cognitive, motor, social, and emotional skills.', '[{"title": "Where Learning Meets Robotics & Play", "subtitle": "Meet your robot helper friends and start an adventure in early learning!", "image": "/assets/images/hero_robot_learning.png", "cta_text": "Apply Now", "cta_link": "/admissions"}, {"title": "Innovate, Build, and Grow!", "subtitle": "Building future-ready minds with creative coding, tiny robots, and endless imagination!", "image": "/assets/images/robot_creative_play.png", "cta_text": "Explore Curriculum", "cta_link": "/curriculum"}, {"title": "Innovate, Build, and Grow!", "subtitle": "Building future-ready minds with creative coding, tiny robots, and endless imagination!", "image": "/assets/images/robot_creative_play.png", "cta_text": "Place your Finger", "cta_link": "/"}]', '/assets/images/hero_kids_learning.jpg', 1, 1);
INSERT INTO [page_sections] ([id], [page_code], [section_code], [title], [subtitle], [description], [content_json], [media_url], [is_active], [sort_order]) VALUES (2, 'home', 'about', 'Where Curious Kids & Friendly Robots Grow Together!', 'Our Playful Mission', 'Established with a vision to revolutionize early childhood education, Vidyankuram Club provides a nurturing environment where children are encouraged to ask questions, explore their surroundings, and discover their unique talents.', '[{"title": "Robo-Buddies", "desc": "Learn coding and problem solving alongside our cute, interactive classroom robot friends."}, {"title": "Mindset Builders", "desc": "Instilling a growth mindset where every child learns to design, test, and improve continuously."}, {"title": "Creative Coding", "desc": "Visual drag-and-drop games that turn complex logic into a fun, colorful playground."}, {"title": "Positive Playgrounds", "desc": "Encouraging social skills and empathy through collaborative building and engineering play."}]', '/assets/images/robot_science_experiment.png', 1, 2);
INSERT INTO [page_sections] ([id], [page_code], [section_code], [title], [subtitle], [description], [content_json], [media_url], [is_active], [sort_order]) VALUES (3, 'home', 'programs', 'Choose Your Learning Adventure', 'Class Missions', 'Our curriculum is carefully structured across multiple age groups to ensure optimal growth and happy school memories.', NULL, NULL, 1, 3);
INSERT INTO [page_sections] ([id], [page_code], [section_code], [title], [subtitle], [description], [content_json], [media_url], [is_active], [sort_order]) VALUES (4, 'home', 'gallery', 'Glimpses of Vidyankuram Club', 'Take a visual tour of our vibrant classrooms and active play areas', 'A peak into the daily activities, school celebrations, and learning projects done by our little achievers.', NULL, NULL, 1, 4);
INSERT INTO [page_sections] ([id], [page_code], [section_code], [title], [subtitle], [description], [content_json], [media_url], [is_active], [sort_order]) VALUES (5, 'home', 'testimonials', 'What Our Proud Space Cadet Parents Say', 'Success Stories', 'Nothing speaks louder than the trust and testimonials of our loving parents.', NULL, NULL, 1, 5);
INSERT INTO [page_sections] ([id], [page_code], [section_code], [title], [subtitle], [description], [content_json], [media_url], [is_active], [sort_order]) VALUES (6, 'home', 'events', 'Upcoming School Events', 'Stay updated with our latest learning and social activities', 'Join us in celebrating child milestones, open house exhibitions, and seasonal carnivals.', NULL, NULL, 1, 6);
INSERT INTO [page_sections] ([id], [page_code], [section_code], [title], [subtitle], [description], [content_json], [media_url], [is_active], [sort_order]) VALUES (7, 'home', 'blogs', 'Educational Insights & Blogs', 'Parenting tips, early learning advice, and school highlights', 'Read articles written by our expert child educators to support your child''s growth path at home.', NULL, NULL, 1, 7);
INSERT INTO [page_sections] ([id], [page_code], [section_code], [title], [subtitle], [description], [content_json], [media_url], [is_active], [sort_order]) VALUES (8, 'home', 'contact', 'Get in Touch', 'Have queries? We are here to help you register or answer questions', 'Fill the form to request a campus tour, download brochures, or book a free trial class.', NULL, NULL, 1, 8);
INSERT INTO [page_sections] ([id], [page_code], [section_code], [title], [subtitle], [description], [content_json], [media_url], [is_active], [sort_order]) VALUES (9, 'curriculum', 'curriculum_info', 'Our Programmes & Curriculum', 'Innovation in Curriculum for Pre-school', 'A preschool has two programs - Playgroup and Nursery. The best age to get admission for playgroup is 2 years. For Nursery, the best age to start is 3 years. Vidyankuram Kids International Preschool will set a strong foundation for your child to join Junior KG at the age of 4 and senior KG at the age of 5. Vidyankuram Kids curriculum is designed to offer each child an engaging and developmentally fulfilling experience with Fluidic Learning Methodology.', '["Playgroup Program (Toddler transition, sensory exploration, and basic fine-motor wiggles).", "Nursery Program (Introduction to phonics, pre-writing skills, social collaboration, and blocks).", "Junior KG Program (Development of language confidence, pre-math logic, and creative expressions).", "Senior KG Program (Advanced reading, complex counting, logical reasoning, and social preparedness)."]', '/assets/images/curriculum_learning.png', 1, 1);
INSERT INTO [page_sections] ([id], [page_code], [section_code], [title], [subtitle], [description], [content_json], [media_url], [is_active], [sort_order]) VALUES (10, 'why_us', 'why_us_info', 'Why Vidyankuram Kids?', 'learner centric & committed to child growth', 'Vidyankuram Kids has always been ‘learner centric’ and open to change which has reflected in our approach towards preschool, playschool, kindergarten, and nursery learning over the last 30 years. Our new age iCan Learning System has been developed to prepare our children to live in this thriving and accelerated world. We are committed to supporting your child''s growth and happiness as they go through life''s earliest developmental milestones.', '["Imparting Quality Education for over 30+ years.", "Excellent Teacher Student Ratio of 1:6.", "Innovative Curriculum & Pedagogy built for futuristic kids.", "The New Age iCan Learning System (agile and fluid methodology).", "Personalized Learning through structured plays and custom tools.", "Extended Learning at home using our in-house App.", "Highly Trained, certified, and experienced Early Childhood educators."]', '/assets/images/why_Vidyankuram_kids.png', 1, 1);
INSERT INTO [page_sections] ([id], [page_code], [section_code], [title], [subtitle], [description], [content_json], [media_url], [is_active], [sort_order]) VALUES (11, 'preschool_program', 'preschool_hero', 'Preschooling Programme', 'The iCan Learning System', 'Nurturing young minds through experiential play and a future-ready curriculum designed for holistic early childhood development.', NULL, '/assets/images/program_preschool.jpg', 1, 1);
INSERT INTO [page_sections] ([id], [page_code], [section_code], [title], [subtitle], [description], [content_json], [media_url], [is_active], [sort_order]) VALUES (12, 'preschool_program', 'playgroup_info', 'Playgroup Programme', 'Ages: 1.5 - 2.5 Years | Duration: 2.5 Hours/Day', 'Our playgroup program focuses on laying a strong foundation by introducing basic language, math, and science concepts through engaging activities like art, music, dance, and play. We emphasize sensory exploration, gross motor development, and peer socialization in a safe, warm environment.', '["Sensory play and tactile exploration activities.", "Language and math concept introduction via music and stories.", "Development of gross and fine motor coordination milestones.", "Warm, secure environment designed to ease home-to-school transition."]', '/assets/images/program_toddler.jpg', 1, 2);
INSERT INTO [page_sections] ([id], [page_code], [section_code], [title], [subtitle], [description], [content_json], [media_url], [is_active], [sort_order]) VALUES (13, 'preschool_program', 'nursery_info', 'Nursery Programme', 'Ages: 2.5 - 3.5 Years | Duration: 3 Hours/Day', 'Our nursery program encourages children to think, explore, and ask questions. Learning is facilitated through multiple interactive ''learning stations'' spread across the classroom, allowing kids to build their own learning path, develop pre-literacy, numeracy, and cooperative play habits.', '["Encouraging active questioning and independent inquiry.", "Learning stations for personalized choices and hands-on activities.", "Structured pre-reading, pre-writing, and phonics readiness.", "Developing cognitive, math reasoning, and creative expressions."]', '/assets/images/program_preschool.jpg', 1, 3);
INSERT INTO [page_sections] ([id], [page_code], [section_code], [title], [subtitle], [description], [content_json], [media_url], [is_active], [sort_order]) VALUES (14, 'preschool_program', 'curriculum_pillars', 'The iCan Learning Pillars', 'Innovative, Agile, and Child-Centric Pedagogy', 'The iCan Learning System is a research-based pedagogical framework that connects developmental statements directly to neuroscience research, Bloom''s Taxonomy, and Howard Gardner''s Multiple Intelligences theory. We move past rote learning to inspire innovators and leaders.', '["9 Core Future Skills (collaboration, creativity, and problem-solving).", "15 Habits of Mind (persistence, independent thinking, and curiosity).", "STEAM theme-based experiential exploration projects.", "Integrated mathematics using the ELPS approach (Experience, Language, Picture, Symbol)."]', '/assets/images/curriculum_learning.png', 1, 4);
INSERT INTO [page_sections] ([id], [page_code], [section_code], [title], [subtitle], [description], [content_json], [media_url], [is_active], [sort_order]) VALUES (15, 'about', 'about_intro', 'About Us', 'Who We Are', 'Vidyankuram Kids International Preschool is India''s premier early childhood education brand, dedicated to nurturing the unique potential within every child. Founded on the belief that the first five years of a child''s life are the most formative, we have built a learning ecosystem that is emotionally supportive, developmentally appropriate, and internationally benchmarked.

With a network of preschools across India, Vidyankuram Kids brings together expert educators, brain-based research, and a truly child-centric curriculum to make every day a joyful adventure in discovery. We don''t just prepare children for school — we prepare them for life.', '[{"title": "25+ Years of Excellence", "desc": "Over two decades of pioneering early childhood education across India."}, {"title": "International Standards", "desc": "Globally benchmarked curriculum delivered by certified early childhood educators."}, {"title": "Child-Centric Approach", "desc": "Every learning experience is crafted around the unique pace and style of each child."}, {"title": "Safe & Nurturing Spaces", "desc": "CCTV-monitored, hygienic and stimulating campuses designed for young explorers."}]', '/assets/images/why_Vidyankuram_kids.png', 1, 1);
INSERT INTO [page_sections] ([id], [page_code], [section_code], [title], [subtitle], [description], [content_json], [media_url], [is_active], [sort_order]) VALUES (16, 'about', 'about_vision', 'Our Vision', 'What We Strive For', 'To spark human greatness in every single child — by discovering and then nurturing each child''s unique gift, so they may grow into confident, compassionate, and creative individuals who contribute meaningfully to the world.', NULL, '/assets/images/curriculum_learning.jpg', 1, 2);
INSERT INTO [page_sections] ([id], [page_code], [section_code], [title], [subtitle], [description], [content_json], [media_url], [is_active], [sort_order]) VALUES (17, 'about', 'about_purpose', 'Our Purpose', 'Why We Exist', 'To create learning environments that accommodate all individual learners, providing them with opportunities to maximise their inherent potential. We believe that when children are given the freedom to learn, explore, and express in a nurturing setting, they flourish — academically, emotionally, and socially.', NULL, '/assets/images/admissions_banner.jpg', 1, 3);
INSERT INTO [page_sections] ([id], [page_code], [section_code], [title], [subtitle], [description], [content_json], [media_url], [is_active], [sort_order]) VALUES (18, 'about', 'about_philosophy', 'Our Philosophy', 'The Vidyankuram Kids Way', 'Our philosophy is rooted in the conviction that ''Every Child Can''. We move beyond rote learning to foster creativity, individuality, and independent thinking. We build on five foundational beliefs that guide every interaction, activity, and environment we create:', '[{"title": "Individual Creative Thoughts Over Passive Obedience", "desc": "We nurture innovators and thinkers rather than passive absorbers of information. Children are encouraged to question, create, and express their unique ideas."}, {"title": "Wisdom Over Knowledge", "desc": "We prioritise sound values, ethics, and the application of knowledge over mere memorisation. A wise child understands not just ''what'' but ''why'' and ''how''."}, {"title": "A United World Over a Divided One", "desc": "We help children understand that boundaries of race, religion, and region are superficial. Our classrooms celebrate diversity and foster empathy for all people."}, {"title": "Spirituality Over Religion", "desc": "We teach children that spirituality \u2014 the sense of wonder, gratitude, and inner strength \u2014 is the soul of all religions and a foundation for lifelong well-being."}, {"title": "Aspiration Over Ambition", "desc": "We encourage children to discover and build upon their own strengths and passions, rather than simply fulfilling the ambitions others have set for them."}]', NULL, 1, 4);

SET IDENTITY_INSERT [page_sections] OFF;

-- ----------------------------------------------------------
-- Data for table: programs
-- ----------------------------------------------------------
SET IDENTITY_INSERT [programs] ON;

INSERT INTO [programs] ([id], [title], [age_group], [duration], [description], [highlights_json], [weekly_plan_json], [uniform_items_json], [image_url], [is_active], [sort_order]) VALUES (1, 'Toddler Explorers (Robo-Tots)', '1.5 - 2.5 Years', '2 Hours / Day', 'Start the journey of exploration! Toddlers develop sensory skills, fine motor coordination, and simple vocabulary by playing with soft tactile toys, colorful buttons, and friendly light-up robot helpers.', '["Sensory play activities","Basic social behavior","Language development","Parent-child bonding"]', '[{"day":"Monday","study":"Colorful Shapes Exploration","physical":"Robo-Crawl Obstacle Course","games":"Tactile Block Stacking","breakfast":"Apple Puree & Warm Milk--ddddddddddddd"},{"day":"Tuesday","study":"First Animal Sounds & Imitation","physical":"Tiny Jump & Dance Party","games":"Soft Ball Roller Chase","breakfast":"Oats Porridge & Banana Slices"},{"day":"Wednesday","study":"Robo-Alphabet Sounds (A-G)","physical":"Happy Toddler Yoga Stretch","games":"Glow Button Activity Puzzles","breakfast":"Sweet Potato Mash & Milk"},{"day":"Thursday","study":"Discovering Primary Colors","physical":"Bubble Catching Race","games":"Friendly Toy Sorting Match","breakfast":"Mashed Avocado & Berry Puree"},{"day":"Friday","study":"Interactive Storytelling Beats","physical":"Free Play Balloon Bounce","games":"Robo-Pet Hide & Seek","breakfast":"Rice Kheer (Nut-Free) & Milk"}]', '["Books","School Shorts","Vidyankuram Shoes","Bags"]', '/assets/images/program_toddler.jpg', 1, 1);
INSERT INTO [programs] ([id], [title], [age_group], [duration], [description], [highlights_json], [weekly_plan_json], [uniform_items_json], [image_url], [is_active], [sort_order]) VALUES (2, 'Preschool Engineers (Junior Coders)', '2.5 - 3.5 Years', '3 Hours / Day', 'Young minds begin structured play! Introduces phonics, writing prep, and basic logic sequencing. Kids learn to direct friendly rolling robots through colorful mazes, turning logic into a game.', '["Phonics introduction", "Pre-writing activities", "Simple counting games", "Art & Craft sessions"]', '[{"day": "Monday", "study": "Logical Order & Step Sequencing", "physical": "Agility Ladder Running", "games": "Rolling Robot Path Maze", "breakfast": "Whole Wheat Pancakes & Fruit Salad"}, {"day": "Tuesday", "study": "Phonics Sounds & Letter Writing", "physical": "Animal Crawls Workout", "games": "Block Coding Card Battles", "breakfast": "Scrambled Eggs & Mango Cubes"}, {"day": "Wednesday", "study": "Creative Counting & Pattern Sorting", "physical": "Fun Hula-Hoop Drills", "games": "Tiny Robot Obstacle Challenge", "breakfast": "Ragi Dosa & Apple Juice"}, {"day": "Thursday", "study": "Design Thinking Basics", "physical": "Relay Balloon Bounces", "games": "Engineering Bricks Sandbox", "breakfast": "Cornflakes with Banana & Milk"}, {"day": "Friday", "study": "Robo-Logic & Direction Commands", "physical": "Active Fun Dance Moves", "games": "Kids Coding Race Rally", "breakfast": "Vegetable Poha (No Peanuts) & Fruit Juice"}]', '["Books", "School Blazer", "School Shorts", "Pants", "Vidyankuram Shoes", "Girls Dress", "School Tie"]', '/assets/images/program_preschool.jpg', 1, 2);
INSERT INTO [programs] ([id], [title], [age_group], [duration], [description], [highlights_json], [weekly_plan_json], [uniform_items_json], [image_url], [is_active], [sort_order]) VALUES (3, 'Kindergarten Innovators (Future Designers)', '3.5 - 5.5 Years', '4 Hours / Day', 'Prepares children for school and beyond! Advanced reading, mathematics, scientific curiosity, and team challenges. Kids program block-based smart toys to solve creative classroom puzzles.', '["Advanced reading & spelling", "Basic mathematics & logic", "Environmental studies", "Show & Tell public speaking"]', '[{"day": "Monday", "study": "Block-based Code Functions", "physical": "Speed & Coordination Ladder", "games": "Programmed Robot Maze Solvers", "breakfast": "Veggie Sandwich & Berry Mix"}, {"day": "Tuesday", "study": "Scientific Observation Labs", "physical": "Junior Core Gym Stretch", "games": "Robo-Soccer Team Tournament", "breakfast": "Boiled Eggs & Whole Wheat Toast"}, {"day": "Wednesday", "study": "Math Foundations & Number Logic", "physical": "Tug-of-War Group Games", "games": "Interactive Tech Board Build", "breakfast": "Oats Idli with Coconut Chutney"}, {"day": "Thursday", "study": "Environmental Science & Eco-Bots", "physical": "Shuttle Running Relay", "games": "Block Engineering Craft Labs", "breakfast": "Cheese Toast & Fresh Apple Slices"}, {"day": "Friday", "study": "Logic Circuits & Simple Engineering", "physical": "Fun Field Obstacle Run", "games": "Future Innovator Coding Showdown", "breakfast": "Multi-grain Paratha & Yogurt Cup"}]', '["Books", "School Blazer", "Pants", "Vidyankuram Shoes", "Girls Dress", "School Tie"]', '/assets/images/program_kindergarten.jpg', 1, 3);
INSERT INTO [programs] ([id], [title], [age_group], [duration], [description], [highlights_json], [weekly_plan_json], [uniform_items_json], [image_url], [is_active], [sort_order]) VALUES (4, 'Day Care / After School Care', '2.0 - 8.0 Years', 'Flexible Hours', 'A safe, clean, and engaging home away from home with healthy snacks, nap time, homework assistance, and creative activities.', '["Safe nap environments", "Healthy hot meals", "Interactive storytelling", "Supervised playtime"]', NULL, NULL, '/assets/images/gallery_play.jpg', 1, 4);

SET IDENTITY_INSERT [programs] OFF;

-- ----------------------------------------------------------
-- Data for table: site_settings
-- ----------------------------------------------------------
SET IDENTITY_INSERT [site_settings] ON;

INSERT INTO [site_settings] ([id], [config_key], [config_value], [category]) VALUES (1, 'site_name', 'Vidyankuram Club International School', 'general');
INSERT INTO [site_settings] ([id], [config_key], [config_value], [category]) VALUES (2, 'site_logo', '/assets/images/logo.png', 'general');
INSERT INTO [site_settings] ([id], [config_key], [config_value], [category]) VALUES (3, 'footer_text', '© 2026 Vidyankuram Club International School. All rights reserved.', 'general');
INSERT INTO [site_settings] ([id], [config_key], [config_value], [category]) VALUES (4, 'primary_color', '#4B73FF', 'theme');
INSERT INTO [site_settings] ([id], [config_key], [config_value], [category]) VALUES (5, 'secondary_color', '#FF8E63', 'theme');
INSERT INTO [site_settings] ([id], [config_key], [config_value], [category]) VALUES (6, 'accent_color', '#FF7EB0', 'theme');
INSERT INTO [site_settings] ([id], [config_key], [config_value], [category]) VALUES (7, 'background_color', '#F8EFBA', 'theme');
INSERT INTO [site_settings] ([id], [config_key], [config_value], [category]) VALUES (8, 'font_family', '''Quicksand'', sans-serif', 'theme');
INSERT INTO [site_settings] ([id], [config_key], [config_value], [category]) VALUES (9, 'contact_phone', '+91 7338346622', 'contact');
INSERT INTO [site_settings] ([id], [config_key], [config_value], [category]) VALUES (10, 'contact_email', 'admissions@Vidyankuramclub.in', 'contact');
INSERT INTO [site_settings] ([id], [config_key], [config_value], [category]) VALUES (11, 'address', '123 Kid''s Avenue, Sunshine Valley, Mumbai, India', 'contact');
INSERT INTO [site_settings] ([id], [config_key], [config_value], [category]) VALUES (12, 'opening_hours', 'Mon - Fri: 8:00 AM - 4:00 PM, Sat: 9:00 AM - 1:00 PM', 'contact');
INSERT INTO [site_settings] ([id], [config_key], [config_value], [category]) VALUES (13, 'facebook_url', 'https://www.facebook.com/Vidyankuramkidspreschools/', 'social');
INSERT INTO [site_settings] ([id], [config_key], [config_value], [category]) VALUES (14, 'instagram_url', 'https://www.instagram.com/Vidyankuramkidsindia/', 'social');
INSERT INTO [site_settings] ([id], [config_key], [config_value], [category]) VALUES (15, 'twitter_url', 'https://twitter.com/Vidyankuramkidsin', 'social');
INSERT INTO [site_settings] ([id], [config_key], [config_value], [category]) VALUES (16, 'youtube_url', 'https://www.youtube.com/@VidyankuramKidsEduLtd', 'social');
INSERT INTO [site_settings] ([id], [config_key], [config_value], [category]) VALUES (17, 'karnataka_govt_reg_no', 'Reg No: ED 45 ACT 2023 (Approved by the Department of School Education and Literacy, Govt. of Karnataka)', 'general');

SET IDENTITY_INSERT [site_settings] OFF;

-- ----------------------------------------------------------
-- Data for table: testimonials
-- ----------------------------------------------------------
SET IDENTITY_INSERT [testimonials] ON;

INSERT INTO [testimonials] ([id], [author_name], [author_role], [quote], [rating], [image_url], [is_active], [sort_order]) VALUES (1, 'Mrs. Shalini Mehta', 'Mother of Vivaan (Preschool)', 'Sending Vivaan to Vidyankuram Club was the best decision we made. Within months, we saw massive improvement in his speech and how he interacts with other children. The teachers are incredibly warm and patient.', 5, '/assets/images/parent_avatar1.jpg', 1, 1);
INSERT INTO [testimonials] ([id], [author_name], [author_role], [quote], [rating], [image_url], [is_active], [sort_order]) VALUES (2, 'Mr. Rajesh Iyer', 'Father of Aarav (Kindergarten)', 'The curriculum here is outstanding. It is not just about rote learning; they teach concepts through experiments, play, and stories. The security measures and daily updates give us absolute peace of mind.', 5, '/assets/images/parent_avatar2.jpg', 1, 2);
INSERT INTO [testimonials] ([id], [author_name], [author_role], [quote], [rating], [image_url], [is_active], [sort_order]) VALUES (3, 'Meera Sen', 'Mother of Kabir (Nursery)', 'Wonderful learning wiggles! My child loves the block building sessions.', 5, '/assets/images/parent_avatar1.jpg', 1, 3);
INSERT INTO [testimonials] ([id], [author_name], [author_role], [quote], [rating], [image_url], [is_active], [sort_order]) VALUES (4, 'David Craig', 'Father of Emily (Playgroup)', 'Very clean campus and excellent caretakers. Fully satisfied.', 4, '/assets/images/parent_avatar2.jpg', 1, 4);
INSERT INTO [testimonials] ([id], [author_name], [author_role], [quote], [rating], [image_url], [is_active], [sort_order]) VALUES (5, 'Rohan Kapur', 'Parent of Vivaan (KG)', 'Playground equipment needs a safety check, some swings are wobbly. Staff is responsive though.', 3, '', 0, 10);
INSERT INTO [testimonials] ([id], [author_name], [author_role], [quote], [rating], [image_url], [is_active], [sort_order]) VALUES (6, 'Tina Watson', 'Parent of Leo (Playgroup)', 'School bus route timings are delayed by 15 mins sometimes. Need better coordination.', 2, '', 0, 11);

SET IDENTITY_INSERT [testimonials] OFF;

-- ----------------------------------------------------------
-- Data for table: vaccinations
-- ----------------------------------------------------------
SET IDENTITY_INSERT [vaccinations] ON;

INSERT INTO [vaccinations] ([id], [name], [age_group]) VALUES (1, 'Hepatitis B (HepB)', 'Toddler Explorers (Robo-Tots)');
INSERT INTO [vaccinations] ([id], [name], [age_group]) VALUES (2, 'DTaP (Diphtheria, Tetanus, Pertussis)', 'Toddler Explorers (Robo-Tots)');
INSERT INTO [vaccinations] ([id], [name], [age_group]) VALUES (3, 'Haemophilus influenzae type b (Hib)', 'Toddler Explorers (Robo-Tots)');
INSERT INTO [vaccinations] ([id], [name], [age_group]) VALUES (4, 'Pneumococcal conjugate (PCV13)', 'Toddler Explorers (Robo-Tots)');
INSERT INTO [vaccinations] ([id], [name], [age_group]) VALUES (5, 'Measles, Mumps, Rubella (MMR)', 'Toddler Explorers (Robo-Tots)');
INSERT INTO [vaccinations] ([id], [name], [age_group]) VALUES (6, 'Inactivated Poliovirus (IPV)', 'Preschool Engineers (Junior Coders)');
INSERT INTO [vaccinations] ([id], [name], [age_group]) VALUES (7, 'Varicella (Chickenpox)', 'Preschool Engineers (Junior Coders)');
INSERT INTO [vaccinations] ([id], [name], [age_group]) VALUES (8, 'Hepatitis A (HepA)', 'Preschool Engineers (Junior Coders)');
INSERT INTO [vaccinations] ([id], [name], [age_group]) VALUES (9, 'Influenza (Flu Shot)', 'Preschool Engineers (Junior Coders)');
INSERT INTO [vaccinations] ([id], [name], [age_group]) VALUES (10, 'Meningococcal Booster', 'Kindergarten Innovators (Future Designers)');
INSERT INTO [vaccinations] ([id], [name], [age_group]) VALUES (11, 'Tdap Booster', 'Kindergarten Innovators (Future Designers)');
INSERT INTO [vaccinations] ([id], [name], [age_group]) VALUES (12, 'HPV Vaccine', 'Kindergarten Innovators (Future Designers)');

SET IDENTITY_INSERT [vaccinations] OFF;

-- ----------------------------------------------------------
-- Data for table: admissions
-- ----------------------------------------------------------
SET IDENTITY_INSERT [admissions] ON;

INSERT INTO [admissions] ([id], [child_name], [parent_name], [email], [phone], [date_of_birth], [program_id], [allergies], [photo_url], [issued_items_json], [blood_group], [emergency_phone], [status], [created_at]) VALUES (1, 'Kabir Patel', 'Amit Patel', 'amit.patel@gmail.com', '9876543211', '2024-05-15', 1, 'Strawberries', NULL, NULL, NULL, NULL, 'APPROVED', '2026-07-09 14:55:17.520');
INSERT INTO [admissions] ([id], [child_name], [parent_name], [email], [phone], [date_of_birth], [program_id], [allergies], [photo_url], [issued_items_json], [blood_group], [emergency_phone], [status], [created_at]) VALUES (2, 'rrr', 'aaa', 'eeee@gmail.com', '7338342211', '2025-01-10', 1, NULL, '/photos/8d0d040a-08ac-412b-8429-8f996b4eb6e8.jpeg', '["Books","School Shorts","Vidyankuram Shoes","Bags"]', 'B+', '4554444441', 'APPROVED', '2026-07-10 16:36:59.287');

SET IDENTITY_INSERT [admissions] OFF;

-- ----------------------------------------------------------
-- Data for table: fee_structures
-- ----------------------------------------------------------
SET IDENTITY_INSERT [fee_structures] ON;

INSERT INTO [fee_structures] ([id], [name], [category], [amount], [frequency], [program_id], [is_active], [created_at]) VALUES (1, 'Tuition Fee (Toddler)', 'Tuition', '12000.00', 'Termly', 1, 1, '2026-07-10 23:54:51.833');
INSERT INTO [fee_structures] ([id], [name], [category], [amount], [frequency], [program_id], [is_active], [created_at]) VALUES (2, 'Tuition Fee (Preschool)', 'Tuition', '10000.00', 'Termly', 2, 1, '2026-07-10 23:54:51.833');
INSERT INTO [fee_structures] ([id], [name], [category], [amount], [frequency], [program_id], [is_active], [created_at]) VALUES (3, 'Tuition Fee (Kindergarten)', 'Tuition', '15000.00', 'Termly', 3, 1, '2026-07-10 23:54:51.837');
INSERT INTO [fee_structures] ([id], [name], [category], [amount], [frequency], [program_id], [is_active], [created_at]) VALUES (4, 'School Transport Service', 'Transport', '3000.00', 'Termly', NULL, 1, '2026-07-10 23:54:51.840');
INSERT INTO [fee_structures] ([id], [name], [category], [amount], [frequency], [program_id], [is_active], [created_at]) VALUES (5, 'Activity Kit & Uniform Set', 'Uniforms', '1500.00', 'One-time', NULL, 1, '2026-07-10 23:54:51.840');

SET IDENTITY_INSERT [fee_structures] OFF;

-- ----------------------------------------------------------
-- Data for table: milestone_templates
-- ----------------------------------------------------------
SET IDENTITY_INSERT [milestone_templates] ON;

INSERT INTO [milestone_templates] ([id], [program_id], [milestone_name], [category], [created_at]) VALUES (1, 1, 'Sorts shapes and objects by primary colors', 'Cognitive', '2026-07-10 23:04:25.663');
INSERT INTO [milestone_templates] ([id], [program_id], [milestone_name], [category], [created_at]) VALUES (2, 1, 'Identifies at least 3 body parts when named', 'Cognitive', '2026-07-10 23:04:25.663');
INSERT INTO [milestone_templates] ([id], [program_id], [milestone_name], [category], [created_at]) VALUES (3, 1, 'Follows simple two-step instructions', 'Cognitive', '2026-07-10 23:04:25.667');
INSERT INTO [milestone_templates] ([id], [program_id], [milestone_name], [category], [created_at]) VALUES (4, 1, 'Walks up stairs with assistance', 'Physical', '2026-07-10 23:04:25.667');
INSERT INTO [milestone_templates] ([id], [program_id], [milestone_name], [category], [created_at]) VALUES (5, 1, 'Scribbles freely with jumbo crayons', 'Physical', '2026-07-10 23:04:25.670');
INSERT INTO [milestone_templates] ([id], [program_id], [milestone_name], [category], [created_at]) VALUES (6, 1, 'Stacks a tower of 4-6 blocks', 'Physical', '2026-07-10 23:04:25.670');
INSERT INTO [milestone_templates] ([id], [program_id], [milestone_name], [category], [created_at]) VALUES (7, 1, 'Shows affection for classmates and teachers', 'Emotional', '2026-07-10 23:04:25.670');
INSERT INTO [milestone_templates] ([id], [program_id], [milestone_name], [category], [created_at]) VALUES (8, 1, 'Plays alongside other children (parallel play)', 'Emotional', '2026-07-10 23:04:25.670');
INSERT INTO [milestone_templates] ([id], [program_id], [milestone_name], [category], [created_at]) VALUES (9, 1, 'Expresses anger or happiness verbally', 'Emotional', '2026-07-10 23:04:25.673');
INSERT INTO [milestone_templates] ([id], [program_id], [milestone_name], [category], [created_at]) VALUES (10, 2, 'Identifies uppercase letters A-Z', 'Cognitive', '2026-07-10 23:04:25.673');
INSERT INTO [milestone_templates] ([id], [program_id], [milestone_name], [category], [created_at]) VALUES (11, 2, 'Counts objects up to 20 accurately', 'Cognitive', '2026-07-10 23:04:25.677');
INSERT INTO [milestone_templates] ([id], [program_id], [milestone_name], [category], [created_at]) VALUES (12, 2, 'Solves simple 4-6 piece puzzles', 'Cognitive', '2026-07-10 23:04:25.677');
INSERT INTO [milestone_templates] ([id], [program_id], [milestone_name], [category], [created_at]) VALUES (13, 2, 'Hops on one foot and balances', 'Physical', '2026-07-10 23:04:25.680');
INSERT INTO [milestone_templates] ([id], [program_id], [milestone_name], [category], [created_at]) VALUES (14, 2, 'Paints within outline borders', 'Physical', '2026-07-10 23:04:25.680');
INSERT INTO [milestone_templates] ([id], [program_id], [milestone_name], [category], [created_at]) VALUES (15, 2, 'Uses child-safe scissors to snip paper', 'Physical', '2026-07-10 23:04:25.680');
INSERT INTO [milestone_templates] ([id], [program_id], [milestone_name], [category], [created_at]) VALUES (16, 2, 'Shares toys voluntarily with peers', 'Emotional', '2026-07-10 23:04:25.680');
INSERT INTO [milestone_templates] ([id], [program_id], [milestone_name], [category], [created_at]) VALUES (17, 2, 'Adapts to classroom routine transitions easily', 'Emotional', '2026-07-10 23:04:25.683');
INSERT INTO [milestone_templates] ([id], [program_id], [milestone_name], [category], [created_at]) VALUES (18, 2, 'Expresses emotions verbally instead of crying', 'Emotional', '2026-07-10 23:04:25.683');
INSERT INTO [milestone_templates] ([id], [program_id], [milestone_name], [category], [created_at]) VALUES (19, 3, 'Writes first and last name independently', 'Cognitive', '2026-07-10 23:04:25.687');
INSERT INTO [milestone_templates] ([id], [program_id], [milestone_name], [category], [created_at]) VALUES (20, 3, 'Counts up to 100 and identifies simple math symbols', 'Cognitive', '2026-07-10 23:04:25.687');
INSERT INTO [milestone_templates] ([id], [program_id], [milestone_name], [category], [created_at]) VALUES (21, 3, 'Reads simple phonetic 3-letter words', 'Cognitive', '2026-07-10 23:04:25.687');
INSERT INTO [milestone_templates] ([id], [program_id], [milestone_name], [category], [created_at]) VALUES (22, 3, 'Cuts along straight and curved lines with scissors', 'Physical', '2026-07-10 23:04:25.690');
INSERT INTO [milestone_templates] ([id], [program_id], [milestone_name], [category], [created_at]) VALUES (23, 3, 'Bounces and catches a medium-sized playground ball', 'Physical', '2026-07-10 23:04:25.690');
INSERT INTO [milestone_templates] ([id], [program_id], [milestone_name], [category], [created_at]) VALUES (24, 3, 'Ties shoe loops with minor guidance', 'Physical', '2026-07-10 23:04:25.690');
INSERT INTO [milestone_templates] ([id], [program_id], [milestone_name], [category], [created_at]) VALUES (25, 3, 'Takes turns and shares resources in group tasks', 'Emotional', '2026-07-10 23:04:25.690');
INSERT INTO [milestone_templates] ([id], [program_id], [milestone_name], [category], [created_at]) VALUES (26, 3, 'Verbalizes solutions to conflicts with peers', 'Emotional', '2026-07-10 23:04:25.690');
INSERT INTO [milestone_templates] ([id], [program_id], [milestone_name], [category], [created_at]) VALUES (27, 3, 'Demonstrates task completion independence', 'Emotional', '2026-07-10 23:04:25.693');
INSERT INTO [milestone_templates] ([id], [program_id], [milestone_name], [category], [created_at]) VALUES (28, 4, 'Identifies uppercase letters A-Z', 'Cognitive', '2026-07-10 23:04:25.693');
INSERT INTO [milestone_templates] ([id], [program_id], [milestone_name], [category], [created_at]) VALUES (29, 4, 'Counts objects up to 20 accurately', 'Cognitive', '2026-07-10 23:04:25.697');
INSERT INTO [milestone_templates] ([id], [program_id], [milestone_name], [category], [created_at]) VALUES (30, 4, 'Solves simple 4-6 piece puzzles', 'Cognitive', '2026-07-10 23:04:25.697');
INSERT INTO [milestone_templates] ([id], [program_id], [milestone_name], [category], [created_at]) VALUES (31, 4, 'Hops on one foot and balances', 'Physical', '2026-07-10 23:04:25.697');
INSERT INTO [milestone_templates] ([id], [program_id], [milestone_name], [category], [created_at]) VALUES (32, 4, 'Paints within outline borders', 'Physical', '2026-07-10 23:04:25.697');
INSERT INTO [milestone_templates] ([id], [program_id], [milestone_name], [category], [created_at]) VALUES (33, 4, 'Uses child-safe scissors to snip paper', 'Physical', '2026-07-10 23:04:25.697');
INSERT INTO [milestone_templates] ([id], [program_id], [milestone_name], [category], [created_at]) VALUES (34, 4, 'Shares toys voluntarily with peers', 'Emotional', '2026-07-10 23:04:25.697');
INSERT INTO [milestone_templates] ([id], [program_id], [milestone_name], [category], [created_at]) VALUES (35, 4, 'Adapts to classroom routine transitions easily', 'Emotional', '2026-07-10 23:04:25.697');
INSERT INTO [milestone_templates] ([id], [program_id], [milestone_name], [category], [created_at]) VALUES (36, 4, 'Expresses emotions verbally instead of crying', 'Emotional', '2026-07-10 23:04:25.700');
INSERT INTO [milestone_templates] ([id], [program_id], [milestone_name], [category], [created_at]) VALUES (37, 1, 'xyz', 'Cognitive', '2026-07-10 18:17:03.230');
INSERT INTO [milestone_templates] ([id], [program_id], [milestone_name], [category], [created_at]) VALUES (38, 1, 'Testing the fundamental growth of a kid', 'Test Fundamentals', '2026-07-11 16:58:17.887');
INSERT INTO [milestone_templates] ([id], [program_id], [milestone_name], [category], [created_at]) VALUES (39, 1, 'Testing One', 'Test Fundamentals', '2026-07-11 17:00:42.100');

SET IDENTITY_INSERT [milestone_templates] OFF;

-- ----------------------------------------------------------
-- Data for table: students
-- ----------------------------------------------------------
SET IDENTITY_INSERT [students] ON;

INSERT INTO [students] ([id], [name], [parent_name], [phone], [program_id], [allergies], [photo_url], [issued_items_json], [blood_group], [emergency_phone], [date_of_birth], [is_active], [created_at]) VALUES (1, 'Aarav Sharma', 'Raj Sharma', '9876543210', 1, 'Peanuts & Strawberries', NULL, NULL, NULL, NULL, NULL, 1, '2026-07-09 14:28:04.973');
INSERT INTO [students] ([id], [name], [parent_name], [phone], [program_id], [allergies], [photo_url], [issued_items_json], [blood_group], [emergency_phone], [date_of_birth], [is_active], [created_at]) VALUES (2, 'Riya Patel', 'Amit Patel', '9876543211', 1, NULL, NULL, NULL, NULL, NULL, NULL, 1, '2026-07-09 14:28:04.973');
INSERT INTO [students] ([id], [name], [parent_name], [phone], [program_id], [allergies], [photo_url], [issued_items_json], [blood_group], [emergency_phone], [date_of_birth], [is_active], [created_at]) VALUES (3, 'Kavi Singh', 'Preeti Singh', '9876543212', 1, NULL, NULL, NULL, NULL, NULL, NULL, 1, '2026-07-09 14:28:04.973');
INSERT INTO [students] ([id], [name], [parent_name], [phone], [program_id], [allergies], [photo_url], [issued_items_json], [blood_group], [emergency_phone], [date_of_birth], [is_active], [created_at]) VALUES (4, 'Zoe Chen', 'Li Chen', '9876543213', 1, NULL, NULL, NULL, NULL, NULL, NULL, 1, '2026-07-09 14:28:04.973');
INSERT INTO [students] ([id], [name], [parent_name], [phone], [program_id], [allergies], [photo_url], [issued_items_json], [blood_group], [emergency_phone], [date_of_birth], [is_active], [created_at]) VALUES (5, 'Leo Rover', 'Sarah Rover', '9876543214', 1, NULL, NULL, NULL, NULL, NULL, NULL, 1, '2026-07-09 14:28:04.973');
INSERT INTO [students] ([id], [name], [parent_name], [phone], [program_id], [allergies], [photo_url], [issued_items_json], [blood_group], [emergency_phone], [date_of_birth], [is_active], [created_at]) VALUES (6, 'Sam Wilson', 'John Wilson', '9876543215', 2, 'Dairy & Soy', NULL, NULL, NULL, NULL, NULL, 1, '2026-07-09 14:28:04.973');
INSERT INTO [students] ([id], [name], [parent_name], [phone], [program_id], [allergies], [photo_url], [issued_items_json], [blood_group], [emergency_phone], [date_of_birth], [is_active], [created_at]) VALUES (7, 'Mia Gupta', 'Sanjay Gupta', '9876543216', 2, NULL, NULL, NULL, NULL, NULL, NULL, 1, '2026-07-09 14:28:04.973');
INSERT INTO [students] ([id], [name], [parent_name], [phone], [program_id], [allergies], [photo_url], [issued_items_json], [blood_group], [emergency_phone], [date_of_birth], [is_active], [created_at]) VALUES (8, 'Ryan Jones', 'Mary Jones', '9876543217', 2, 'Gluten & Honey', NULL, NULL, NULL, NULL, NULL, 1, '2026-07-09 14:28:04.973');
INSERT INTO [students] ([id], [name], [parent_name], [phone], [program_id], [allergies], [photo_url], [issued_items_json], [blood_group], [emergency_phone], [date_of_birth], [is_active], [created_at]) VALUES (9, 'Tara Sen', 'Vikram Sen', '9876543218', 2, NULL, NULL, NULL, NULL, NULL, NULL, 1, '2026-07-09 14:28:04.973');
INSERT INTO [students] ([id], [name], [parent_name], [phone], [program_id], [allergies], [photo_url], [issued_items_json], [blood_group], [emergency_phone], [date_of_birth], [is_active], [created_at]) VALUES (10, 'Eli Bot', 'Emma Bot', '9876543219', 2, NULL, NULL, NULL, NULL, NULL, NULL, 1, '2026-07-09 14:28:04.973');
INSERT INTO [students] ([id], [name], [parent_name], [phone], [program_id], [allergies], [photo_url], [issued_items_json], [blood_group], [emergency_phone], [date_of_birth], [is_active], [created_at]) VALUES (11, 'Diya Reddy', 'Kishore Reddy', '9876543220', 3, NULL, NULL, NULL, NULL, NULL, NULL, 1, '2026-07-09 14:28:04.973');
INSERT INTO [students] ([id], [name], [parent_name], [phone], [program_id], [allergies], [photo_url], [issued_items_json], [blood_group], [emergency_phone], [date_of_birth], [is_active], [created_at]) VALUES (12, 'Arjun Das', 'Nikhil Das', '9876543221', 3, NULL, NULL, NULL, NULL, NULL, NULL, 1, '2026-07-09 14:28:04.973');
INSERT INTO [students] ([id], [name], [parent_name], [phone], [program_id], [allergies], [photo_url], [issued_items_json], [blood_group], [emergency_phone], [date_of_birth], [is_active], [created_at]) VALUES (13, 'Chloe Smith', 'Paul Smith', '9876543222', 3, NULL, NULL, NULL, NULL, NULL, NULL, 1, '2026-07-09 14:28:04.973');
INSERT INTO [students] ([id], [name], [parent_name], [phone], [program_id], [allergies], [photo_url], [issued_items_json], [blood_group], [emergency_phone], [date_of_birth], [is_active], [created_at]) VALUES (14, 'Kabir Mehta', 'Asha Mehta', '9876543223', 3, NULL, NULL, NULL, NULL, NULL, NULL, 1, '2026-07-09 14:28:04.973');
INSERT INTO [students] ([id], [name], [parent_name], [phone], [program_id], [allergies], [photo_url], [issued_items_json], [blood_group], [emergency_phone], [date_of_birth], [is_active], [created_at]) VALUES (15, 'Nova Star', 'Arthur Star', '9876543224', 3, 'Citrus Fruits', NULL, NULL, NULL, NULL, NULL, 1, '2026-07-09 14:28:04.973');
INSERT INTO [students] ([id], [name], [parent_name], [phone], [program_id], [allergies], [photo_url], [issued_items_json], [blood_group], [emergency_phone], [date_of_birth], [is_active], [created_at]) VALUES (16, 'Kabir Patel', 'Amit Patel', '9876543211', 1, 'Strawberries', NULL, NULL, NULL, NULL, '2024-05-15', 1, '2026-07-09 16:31:53.623');
INSERT INTO [students] ([id], [name], [parent_name], [phone], [program_id], [allergies], [photo_url], [issued_items_json], [blood_group], [emergency_phone], [date_of_birth], [is_active], [created_at]) VALUES (20, 'rrr', 'aaa', '7338342211', 1, NULL, '/photos/8d0d040a-08ac-412b-8429-8f996b4eb6e8.jpeg', '["Books","School Shorts","Vidyankuram Shoes","Bags"]', 'B+', '4554444441', '2025-01-10', 1, '2026-07-10 16:40:21.617');

SET IDENTITY_INSERT [students] OFF;

-- ----------------------------------------------------------
-- Data for table: admission_vaccinations
-- ----------------------------------------------------------
SET IDENTITY_INSERT [admission_vaccinations] ON;

INSERT INTO [admission_vaccinations] ([id], [admission_id], [vaccination_id], [administered_date]) VALUES (1, 1, 1, '2025-06-20');
INSERT INTO [admission_vaccinations] ([id], [admission_id], [vaccination_id], [administered_date]) VALUES (2, 2, 2, '2026-07-21');
INSERT INTO [admission_vaccinations] ([id], [admission_id], [vaccination_id], [administered_date]) VALUES (3, 2, 3, '2026-07-01');
INSERT INTO [admission_vaccinations] ([id], [admission_id], [vaccination_id], [administered_date]) VALUES (4, 2, 1, '2026-07-21');

SET IDENTITY_INSERT [admission_vaccinations] OFF;

-- ----------------------------------------------------------
-- Data for table: attendance
-- ----------------------------------------------------------
SET IDENTITY_INSERT [attendance] ON;

INSERT INTO [attendance] ([id], [student_id], [date], [status], [notes], [created_at]) VALUES (1, 20, '2026-07-13', 'LEAVE', 'Approved Leave: 4 days leave due to travelling hometown', '2026-07-11 14:32:18.390');
INSERT INTO [attendance] ([id], [student_id], [date], [status], [notes], [created_at]) VALUES (2, 20, '2026-07-14', 'LEAVE', 'Approved Leave: 4 days leave due to travelling hometown', '2026-07-11 14:32:18.390');
INSERT INTO [attendance] ([id], [student_id], [date], [status], [notes], [created_at]) VALUES (3, 20, '2026-07-15', 'LEAVE', 'Approved Leave: 4 days leave due to travelling hometown', '2026-07-11 14:32:18.390');
INSERT INTO [attendance] ([id], [student_id], [date], [status], [notes], [created_at]) VALUES (4, 20, '2026-07-16', 'LEAVE', 'Approved Leave: 4 days leave due to travelling hometown', '2026-07-11 14:32:18.390');
INSERT INTO [attendance] ([id], [student_id], [date], [status], [notes], [created_at]) VALUES (5, 20, '2026-07-21', 'LEAVE', 'Approved Leave: Travelling international.', '2026-07-11 14:48:37.773');
INSERT INTO [attendance] ([id], [student_id], [date], [status], [notes], [created_at]) VALUES (6, 20, '2026-07-22', 'LEAVE', 'Approved Leave: Travelling international.', '2026-07-11 14:48:37.773');
INSERT INTO [attendance] ([id], [student_id], [date], [status], [notes], [created_at]) VALUES (7, 20, '2026-07-23', 'LEAVE', 'Approved Leave: Travelling international.', '2026-07-11 14:48:37.773');
INSERT INTO [attendance] ([id], [student_id], [date], [status], [notes], [created_at]) VALUES (8, 20, '2026-07-24', 'LEAVE', 'Approved Leave: Travelling international.', '2026-07-11 14:48:37.773');
INSERT INTO [attendance] ([id], [student_id], [date], [status], [notes], [created_at]) VALUES (9, 20, '2026-07-25', 'LEAVE', 'Approved Leave: Travelling international.', '2026-07-11 14:48:37.773');
INSERT INTO [attendance] ([id], [student_id], [date], [status], [notes], [created_at]) VALUES (10, 20, '2026-07-26', 'LEAVE', 'Approved Leave: Travelling international.', '2026-07-11 14:48:37.773');
INSERT INTO [attendance] ([id], [student_id], [date], [status], [notes], [created_at]) VALUES (11, 20, '2026-07-27', 'LEAVE', 'Approved Leave: Travelling international.', '2026-07-11 14:48:37.773');
INSERT INTO [attendance] ([id], [student_id], [date], [status], [notes], [created_at]) VALUES (12, 20, '2026-07-28', 'LEAVE', 'Approved Leave: Travelling international.', '2026-07-11 14:48:37.773');
INSERT INTO [attendance] ([id], [student_id], [date], [status], [notes], [created_at]) VALUES (13, 20, '2026-07-29', 'LEAVE', 'Approved Leave: Travelling international.', '2026-07-11 14:48:37.773');

SET IDENTITY_INSERT [attendance] OFF;

-- ----------------------------------------------------------
-- Data for table: leave_requests
-- ----------------------------------------------------------
SET IDENTITY_INSERT [leave_requests] ON;

INSERT INTO [leave_requests] ([id], [student_id], [start_date], [end_date], [reason], [status], [admin_comment], [created_at]) VALUES (1, 20, '2026-07-13', '2026-07-16', '4 days leave due to travelling hometown', 'Approved', NULL, '2026-07-11 14:30:40.597');
INSERT INTO [leave_requests] ([id], [student_id], [start_date], [end_date], [reason], [status], [admin_comment], [created_at]) VALUES (2, 20, '2026-07-21', '2026-07-29', 'Travelling international.', 'Approved', 'Make sure you take care of studies.', '2026-07-11 14:47:40.000');

SET IDENTITY_INSERT [leave_requests] OFF;

-- ----------------------------------------------------------
-- Data for table: parent_bills
-- ----------------------------------------------------------
SET IDENTITY_INSERT [parent_bills] ON;

INSERT INTO [parent_bills] ([id], [student_id], [title], [amount], [due_date], [status], [paid_date], [payment_method], [receipt_no], [waiver_amount], [notes], [created_at]) VALUES (1, 1, 'Term 1 Tuition & Admin Fees', '12500.00', '2026-03-31', 'Paid', '2026-03-15 10:30:00.000', 'Online', 'REC-2026-0091', '0.00', NULL, '2026-07-10 22:38:02.070');
INSERT INTO [parent_bills] ([id], [student_id], [title], [amount], [due_date], [status], [paid_date], [payment_method], [receipt_no], [waiver_amount], [notes], [created_at]) VALUES (2, 1, 'Nursery Learning Material & Supplies Kit', '4500.00', '2026-04-15', 'Paid', '2026-04-10 14:15:00.000', 'Card', 'REC-2026-0142', '0.00', NULL, '2026-07-10 22:38:02.070');
INSERT INTO [parent_bills] ([id], [student_id], [title], [amount], [due_date], [status], [paid_date], [payment_method], [receipt_no], [waiver_amount], [notes], [created_at]) VALUES (3, 1, 'Term 2 Tuition & Sports Fees', '12500.00', '2026-10-15', 'Unpaid', NULL, NULL, NULL, '0.00', NULL, '2026-07-10 22:38:02.070');
INSERT INTO [parent_bills] ([id], [student_id], [title], [amount], [due_date], [status], [paid_date], [payment_method], [receipt_no], [waiver_amount], [notes], [created_at]) VALUES (4, 1, 'Annual Science Fair Excursion', '1200.00', '2026-11-20', 'Unpaid', NULL, NULL, NULL, '0.00', NULL, '2026-07-10 22:38:02.070');
INSERT INTO [parent_bills] ([id], [student_id], [title], [amount], [due_date], [status], [paid_date], [payment_method], [receipt_no], [waiver_amount], [notes], [created_at]) VALUES (5, 2, 'Term 1 Tuition & Admin Fees', '12500.00', '2026-03-31', 'Paid', '2026-03-15 10:30:00.000', 'Online', 'REC-2026-0091', '0.00', NULL, '2026-07-10 22:38:02.073');
INSERT INTO [parent_bills] ([id], [student_id], [title], [amount], [due_date], [status], [paid_date], [payment_method], [receipt_no], [waiver_amount], [notes], [created_at]) VALUES (6, 2, 'Nursery Learning Material & Supplies Kit', '4500.00', '2026-04-15', 'Paid', '2026-04-10 14:15:00.000', 'Card', 'REC-2026-0142', '0.00', NULL, '2026-07-10 22:38:02.073');
INSERT INTO [parent_bills] ([id], [student_id], [title], [amount], [due_date], [status], [paid_date], [payment_method], [receipt_no], [waiver_amount], [notes], [created_at]) VALUES (7, 2, 'Term 2 Tuition & Sports Fees', '12500.00', '2026-10-15', 'Unpaid', NULL, NULL, NULL, '0.00', NULL, '2026-07-10 22:38:02.073');
INSERT INTO [parent_bills] ([id], [student_id], [title], [amount], [due_date], [status], [paid_date], [payment_method], [receipt_no], [waiver_amount], [notes], [created_at]) VALUES (8, 2, 'Annual Science Fair Excursion', '1200.00', '2026-11-20', 'Unpaid', NULL, NULL, NULL, '0.00', NULL, '2026-07-10 22:38:02.073');
INSERT INTO [parent_bills] ([id], [student_id], [title], [amount], [due_date], [status], [paid_date], [payment_method], [receipt_no], [waiver_amount], [notes], [created_at]) VALUES (9, 3, 'Term 1 Tuition & Admin Fees', '12500.00', '2026-03-31', 'Paid', '2026-03-15 10:30:00.000', 'Online', 'REC-2026-0091', '0.00', NULL, '2026-07-10 22:38:02.077');
INSERT INTO [parent_bills] ([id], [student_id], [title], [amount], [due_date], [status], [paid_date], [payment_method], [receipt_no], [waiver_amount], [notes], [created_at]) VALUES (10, 3, 'Nursery Learning Material & Supplies Kit', '4500.00', '2026-04-15', 'Paid', '2026-04-10 14:15:00.000', 'Card', 'REC-2026-0142', '0.00', NULL, '2026-07-10 22:38:02.077');
INSERT INTO [parent_bills] ([id], [student_id], [title], [amount], [due_date], [status], [paid_date], [payment_method], [receipt_no], [waiver_amount], [notes], [created_at]) VALUES (11, 3, 'Term 2 Tuition & Sports Fees', '12500.00', '2026-10-15', 'Unpaid', NULL, NULL, NULL, '0.00', NULL, '2026-07-10 22:38:02.077');
INSERT INTO [parent_bills] ([id], [student_id], [title], [amount], [due_date], [status], [paid_date], [payment_method], [receipt_no], [waiver_amount], [notes], [created_at]) VALUES (12, 3, 'Annual Science Fair Excursion', '1200.00', '2026-11-20', 'Unpaid', NULL, NULL, NULL, '0.00', NULL, '2026-07-10 22:38:02.077');
INSERT INTO [parent_bills] ([id], [student_id], [title], [amount], [due_date], [status], [paid_date], [payment_method], [receipt_no], [waiver_amount], [notes], [created_at]) VALUES (13, 4, 'Term 1 Tuition & Admin Fees', '12500.00', '2026-03-31', 'Paid', '2026-03-15 10:30:00.000', 'Online', 'REC-2026-0091', '0.00', NULL, '2026-07-10 22:38:02.080');
INSERT INTO [parent_bills] ([id], [student_id], [title], [amount], [due_date], [status], [paid_date], [payment_method], [receipt_no], [waiver_amount], [notes], [created_at]) VALUES (14, 4, 'Nursery Learning Material & Supplies Kit', '4500.00', '2026-04-15', 'Paid', '2026-04-10 14:15:00.000', 'Card', 'REC-2026-0142', '0.00', NULL, '2026-07-10 22:38:02.080');
INSERT INTO [parent_bills] ([id], [student_id], [title], [amount], [due_date], [status], [paid_date], [payment_method], [receipt_no], [waiver_amount], [notes], [created_at]) VALUES (15, 4, 'Term 2 Tuition & Sports Fees', '12500.00', '2026-10-15', 'Unpaid', NULL, NULL, NULL, '0.00', NULL, '2026-07-10 22:38:02.080');
INSERT INTO [parent_bills] ([id], [student_id], [title], [amount], [due_date], [status], [paid_date], [payment_method], [receipt_no], [waiver_amount], [notes], [created_at]) VALUES (16, 4, 'Annual Science Fair Excursion', '1200.00', '2026-11-20', 'Unpaid', NULL, NULL, NULL, '0.00', NULL, '2026-07-10 22:38:02.080');
INSERT INTO [parent_bills] ([id], [student_id], [title], [amount], [due_date], [status], [paid_date], [payment_method], [receipt_no], [waiver_amount], [notes], [created_at]) VALUES (17, 5, 'Term 1 Tuition & Admin Fees', '12500.00', '2026-03-31', 'Paid', '2026-03-15 10:30:00.000', 'Online', 'REC-2026-0091', '0.00', NULL, '2026-07-10 22:38:02.080');
INSERT INTO [parent_bills] ([id], [student_id], [title], [amount], [due_date], [status], [paid_date], [payment_method], [receipt_no], [waiver_amount], [notes], [created_at]) VALUES (18, 5, 'Nursery Learning Material & Supplies Kit', '4500.00', '2026-04-15', 'Paid', '2026-04-10 14:15:00.000', 'Card', 'REC-2026-0142', '0.00', NULL, '2026-07-10 22:38:02.080');
INSERT INTO [parent_bills] ([id], [student_id], [title], [amount], [due_date], [status], [paid_date], [payment_method], [receipt_no], [waiver_amount], [notes], [created_at]) VALUES (19, 5, 'Term 2 Tuition & Sports Fees', '12500.00', '2026-10-15', 'Unpaid', NULL, NULL, NULL, '0.00', NULL, '2026-07-10 22:38:02.080');
INSERT INTO [parent_bills] ([id], [student_id], [title], [amount], [due_date], [status], [paid_date], [payment_method], [receipt_no], [waiver_amount], [notes], [created_at]) VALUES (20, 5, 'Annual Science Fair Excursion', '1200.00', '2026-11-20', 'Unpaid', NULL, NULL, NULL, '0.00', NULL, '2026-07-10 22:38:02.080');
INSERT INTO [parent_bills] ([id], [student_id], [title], [amount], [due_date], [status], [paid_date], [payment_method], [receipt_no], [waiver_amount], [notes], [created_at]) VALUES (21, 6, 'Term 1 Tuition & Admin Fees', '12500.00', '2026-03-31', 'Paid', '2026-03-15 10:30:00.000', 'Online', 'REC-2026-0091', '0.00', NULL, '2026-07-10 22:38:02.083');
INSERT INTO [parent_bills] ([id], [student_id], [title], [amount], [due_date], [status], [paid_date], [payment_method], [receipt_no], [waiver_amount], [notes], [created_at]) VALUES (22, 6, 'Nursery Learning Material & Supplies Kit', '4500.00', '2026-04-15', 'Paid', '2026-04-10 14:15:00.000', 'Card', 'REC-2026-0142', '0.00', NULL, '2026-07-10 22:38:02.083');
INSERT INTO [parent_bills] ([id], [student_id], [title], [amount], [due_date], [status], [paid_date], [payment_method], [receipt_no], [waiver_amount], [notes], [created_at]) VALUES (23, 6, 'Term 2 Tuition & Sports Fees', '12500.00', '2026-10-15', 'Unpaid', NULL, NULL, NULL, '0.00', NULL, '2026-07-10 22:38:02.083');
INSERT INTO [parent_bills] ([id], [student_id], [title], [amount], [due_date], [status], [paid_date], [payment_method], [receipt_no], [waiver_amount], [notes], [created_at]) VALUES (24, 6, 'Annual Science Fair Excursion', '1200.00', '2026-11-20', 'Unpaid', NULL, NULL, NULL, '0.00', NULL, '2026-07-10 22:38:02.083');
INSERT INTO [parent_bills] ([id], [student_id], [title], [amount], [due_date], [status], [paid_date], [payment_method], [receipt_no], [waiver_amount], [notes], [created_at]) VALUES (25, 7, 'Term 1 Tuition & Admin Fees', '12500.00', '2026-03-31', 'Paid', '2026-03-15 10:30:00.000', 'Online', 'REC-2026-0091', '0.00', NULL, '2026-07-10 22:38:02.083');
INSERT INTO [parent_bills] ([id], [student_id], [title], [amount], [due_date], [status], [paid_date], [payment_method], [receipt_no], [waiver_amount], [notes], [created_at]) VALUES (26, 7, 'Nursery Learning Material & Supplies Kit', '4500.00', '2026-04-15', 'Paid', '2026-04-10 14:15:00.000', 'Card', 'REC-2026-0142', '0.00', NULL, '2026-07-10 22:38:02.083');
INSERT INTO [parent_bills] ([id], [student_id], [title], [amount], [due_date], [status], [paid_date], [payment_method], [receipt_no], [waiver_amount], [notes], [created_at]) VALUES (27, 7, 'Term 2 Tuition & Sports Fees', '12500.00', '2026-10-15', 'Unpaid', NULL, NULL, NULL, '0.00', NULL, '2026-07-10 22:38:02.083');
INSERT INTO [parent_bills] ([id], [student_id], [title], [amount], [due_date], [status], [paid_date], [payment_method], [receipt_no], [waiver_amount], [notes], [created_at]) VALUES (28, 7, 'Annual Science Fair Excursion', '1200.00', '2026-11-20', 'Unpaid', NULL, NULL, NULL, '0.00', NULL, '2026-07-10 22:38:02.083');
INSERT INTO [parent_bills] ([id], [student_id], [title], [amount], [due_date], [status], [paid_date], [payment_method], [receipt_no], [waiver_amount], [notes], [created_at]) VALUES (29, 8, 'Term 1 Tuition & Admin Fees', '12500.00', '2026-03-31', 'Paid', '2026-03-15 10:30:00.000', 'Online', 'REC-2026-0091', '0.00', NULL, '2026-07-10 22:38:02.087');
INSERT INTO [parent_bills] ([id], [student_id], [title], [amount], [due_date], [status], [paid_date], [payment_method], [receipt_no], [waiver_amount], [notes], [created_at]) VALUES (30, 8, 'Nursery Learning Material & Supplies Kit', '4500.00', '2026-04-15', 'Paid', '2026-04-10 14:15:00.000', 'Card', 'REC-2026-0142', '0.00', NULL, '2026-07-10 22:38:02.087');
INSERT INTO [parent_bills] ([id], [student_id], [title], [amount], [due_date], [status], [paid_date], [payment_method], [receipt_no], [waiver_amount], [notes], [created_at]) VALUES (31, 8, 'Term 2 Tuition & Sports Fees', '12500.00', '2026-10-15', 'Unpaid', NULL, NULL, NULL, '0.00', NULL, '2026-07-10 22:38:02.087');
INSERT INTO [parent_bills] ([id], [student_id], [title], [amount], [due_date], [status], [paid_date], [payment_method], [receipt_no], [waiver_amount], [notes], [created_at]) VALUES (32, 8, 'Annual Science Fair Excursion', '1200.00', '2026-11-20', 'Unpaid', NULL, NULL, NULL, '0.00', NULL, '2026-07-10 22:38:02.087');
INSERT INTO [parent_bills] ([id], [student_id], [title], [amount], [due_date], [status], [paid_date], [payment_method], [receipt_no], [waiver_amount], [notes], [created_at]) VALUES (33, 9, 'Term 1 Tuition & Admin Fees', '12500.00', '2026-03-31', 'Paid', '2026-03-15 10:30:00.000', 'Online', 'REC-2026-0091', '0.00', NULL, '2026-07-10 22:38:02.090');
INSERT INTO [parent_bills] ([id], [student_id], [title], [amount], [due_date], [status], [paid_date], [payment_method], [receipt_no], [waiver_amount], [notes], [created_at]) VALUES (34, 9, 'Nursery Learning Material & Supplies Kit', '4500.00', '2026-04-15', 'Paid', '2026-04-10 14:15:00.000', 'Card', 'REC-2026-0142', '0.00', NULL, '2026-07-10 22:38:02.090');
INSERT INTO [parent_bills] ([id], [student_id], [title], [amount], [due_date], [status], [paid_date], [payment_method], [receipt_no], [waiver_amount], [notes], [created_at]) VALUES (35, 9, 'Term 2 Tuition & Sports Fees', '12500.00', '2026-10-15', 'Unpaid', NULL, NULL, NULL, '0.00', NULL, '2026-07-10 22:38:02.090');
INSERT INTO [parent_bills] ([id], [student_id], [title], [amount], [due_date], [status], [paid_date], [payment_method], [receipt_no], [waiver_amount], [notes], [created_at]) VALUES (36, 9, 'Annual Science Fair Excursion', '1200.00', '2026-11-20', 'Unpaid', NULL, NULL, NULL, '0.00', NULL, '2026-07-10 22:38:02.090');
INSERT INTO [parent_bills] ([id], [student_id], [title], [amount], [due_date], [status], [paid_date], [payment_method], [receipt_no], [waiver_amount], [notes], [created_at]) VALUES (37, 10, 'Term 1 Tuition & Admin Fees', '12500.00', '2026-03-31', 'Paid', '2026-03-15 10:30:00.000', 'Online', 'REC-2026-0091', '0.00', NULL, '2026-07-10 22:38:02.090');
INSERT INTO [parent_bills] ([id], [student_id], [title], [amount], [due_date], [status], [paid_date], [payment_method], [receipt_no], [waiver_amount], [notes], [created_at]) VALUES (38, 10, 'Nursery Learning Material & Supplies Kit', '4500.00', '2026-04-15', 'Paid', '2026-04-10 14:15:00.000', 'Card', 'REC-2026-0142', '0.00', NULL, '2026-07-10 22:38:02.090');
INSERT INTO [parent_bills] ([id], [student_id], [title], [amount], [due_date], [status], [paid_date], [payment_method], [receipt_no], [waiver_amount], [notes], [created_at]) VALUES (39, 10, 'Term 2 Tuition & Sports Fees', '12500.00', '2026-10-15', 'Unpaid', NULL, NULL, NULL, '0.00', NULL, '2026-07-10 22:38:02.090');
INSERT INTO [parent_bills] ([id], [student_id], [title], [amount], [due_date], [status], [paid_date], [payment_method], [receipt_no], [waiver_amount], [notes], [created_at]) VALUES (40, 10, 'Annual Science Fair Excursion', '1200.00', '2026-11-20', 'Unpaid', NULL, NULL, NULL, '0.00', NULL, '2026-07-10 22:38:02.090');
INSERT INTO [parent_bills] ([id], [student_id], [title], [amount], [due_date], [status], [paid_date], [payment_method], [receipt_no], [waiver_amount], [notes], [created_at]) VALUES (41, 11, 'Term 1 Tuition & Admin Fees', '12500.00', '2026-03-31', 'Paid', '2026-03-15 10:30:00.000', 'Online', 'REC-2026-0091', '0.00', NULL, '2026-07-10 22:38:02.093');
INSERT INTO [parent_bills] ([id], [student_id], [title], [amount], [due_date], [status], [paid_date], [payment_method], [receipt_no], [waiver_amount], [notes], [created_at]) VALUES (42, 11, 'Nursery Learning Material & Supplies Kit', '4500.00', '2026-04-15', 'Paid', '2026-04-10 14:15:00.000', 'Card', 'REC-2026-0142', '0.00', NULL, '2026-07-10 22:38:02.093');
INSERT INTO [parent_bills] ([id], [student_id], [title], [amount], [due_date], [status], [paid_date], [payment_method], [receipt_no], [waiver_amount], [notes], [created_at]) VALUES (43, 11, 'Term 2 Tuition & Sports Fees', '12500.00', '2026-10-15', 'Unpaid', NULL, NULL, NULL, '0.00', NULL, '2026-07-10 22:38:02.093');
INSERT INTO [parent_bills] ([id], [student_id], [title], [amount], [due_date], [status], [paid_date], [payment_method], [receipt_no], [waiver_amount], [notes], [created_at]) VALUES (44, 11, 'Annual Science Fair Excursion', '1200.00', '2026-11-20', 'Unpaid', NULL, NULL, NULL, '0.00', NULL, '2026-07-10 22:38:02.093');
INSERT INTO [parent_bills] ([id], [student_id], [title], [amount], [due_date], [status], [paid_date], [payment_method], [receipt_no], [waiver_amount], [notes], [created_at]) VALUES (45, 12, 'Term 1 Tuition & Admin Fees', '12500.00', '2026-03-31', 'Paid', '2026-03-15 10:30:00.000', 'Online', 'REC-2026-0091', '0.00', NULL, '2026-07-10 22:38:02.093');
INSERT INTO [parent_bills] ([id], [student_id], [title], [amount], [due_date], [status], [paid_date], [payment_method], [receipt_no], [waiver_amount], [notes], [created_at]) VALUES (46, 12, 'Nursery Learning Material & Supplies Kit', '4500.00', '2026-04-15', 'Paid', '2026-04-10 14:15:00.000', 'Card', 'REC-2026-0142', '0.00', NULL, '2026-07-10 22:38:02.093');
INSERT INTO [parent_bills] ([id], [student_id], [title], [amount], [due_date], [status], [paid_date], [payment_method], [receipt_no], [waiver_amount], [notes], [created_at]) VALUES (47, 12, 'Term 2 Tuition & Sports Fees', '12500.00', '2026-10-15', 'Unpaid', NULL, NULL, NULL, '0.00', NULL, '2026-07-10 22:38:02.093');
INSERT INTO [parent_bills] ([id], [student_id], [title], [amount], [due_date], [status], [paid_date], [payment_method], [receipt_no], [waiver_amount], [notes], [created_at]) VALUES (48, 12, 'Annual Science Fair Excursion', '1200.00', '2026-11-20', 'Unpaid', NULL, NULL, NULL, '0.00', NULL, '2026-07-10 22:38:02.093');
INSERT INTO [parent_bills] ([id], [student_id], [title], [amount], [due_date], [status], [paid_date], [payment_method], [receipt_no], [waiver_amount], [notes], [created_at]) VALUES (49, 13, 'Term 1 Tuition & Admin Fees', '12500.00', '2026-03-31', 'Paid', '2026-03-15 10:30:00.000', 'Online', 'REC-2026-0091', '0.00', NULL, '2026-07-10 22:38:02.097');
INSERT INTO [parent_bills] ([id], [student_id], [title], [amount], [due_date], [status], [paid_date], [payment_method], [receipt_no], [waiver_amount], [notes], [created_at]) VALUES (50, 13, 'Nursery Learning Material & Supplies Kit', '4500.00', '2026-04-15', 'Paid', '2026-04-10 14:15:00.000', 'Card', 'REC-2026-0142', '0.00', NULL, '2026-07-10 22:38:02.097');
INSERT INTO [parent_bills] ([id], [student_id], [title], [amount], [due_date], [status], [paid_date], [payment_method], [receipt_no], [waiver_amount], [notes], [created_at]) VALUES (51, 13, 'Term 2 Tuition & Sports Fees', '12500.00', '2026-10-15', 'Unpaid', NULL, NULL, NULL, '0.00', NULL, '2026-07-10 22:38:02.097');
INSERT INTO [parent_bills] ([id], [student_id], [title], [amount], [due_date], [status], [paid_date], [payment_method], [receipt_no], [waiver_amount], [notes], [created_at]) VALUES (52, 13, 'Annual Science Fair Excursion', '1200.00', '2026-11-20', 'Unpaid', NULL, NULL, NULL, '0.00', NULL, '2026-07-10 22:38:02.097');
INSERT INTO [parent_bills] ([id], [student_id], [title], [amount], [due_date], [status], [paid_date], [payment_method], [receipt_no], [waiver_amount], [notes], [created_at]) VALUES (53, 14, 'Term 1 Tuition & Admin Fees', '12500.00', '2026-03-31', 'Paid', '2026-03-15 10:30:00.000', 'Online', 'REC-2026-0091', '0.00', NULL, '2026-07-10 22:38:02.100');
INSERT INTO [parent_bills] ([id], [student_id], [title], [amount], [due_date], [status], [paid_date], [payment_method], [receipt_no], [waiver_amount], [notes], [created_at]) VALUES (54, 14, 'Nursery Learning Material & Supplies Kit', '4500.00', '2026-04-15', 'Paid', '2026-04-10 14:15:00.000', 'Card', 'REC-2026-0142', '0.00', NULL, '2026-07-10 22:38:02.100');
INSERT INTO [parent_bills] ([id], [student_id], [title], [amount], [due_date], [status], [paid_date], [payment_method], [receipt_no], [waiver_amount], [notes], [created_at]) VALUES (55, 14, 'Term 2 Tuition & Sports Fees', '12500.00', '2026-10-15', 'Unpaid', NULL, NULL, NULL, '0.00', NULL, '2026-07-10 22:38:02.100');
INSERT INTO [parent_bills] ([id], [student_id], [title], [amount], [due_date], [status], [paid_date], [payment_method], [receipt_no], [waiver_amount], [notes], [created_at]) VALUES (56, 14, 'Annual Science Fair Excursion', '1200.00', '2026-11-20', 'Unpaid', NULL, NULL, NULL, '0.00', NULL, '2026-07-10 22:38:02.100');
INSERT INTO [parent_bills] ([id], [student_id], [title], [amount], [due_date], [status], [paid_date], [payment_method], [receipt_no], [waiver_amount], [notes], [created_at]) VALUES (57, 15, 'Term 1 Tuition & Admin Fees', '12500.00', '2026-03-31', 'Paid', '2026-03-15 10:30:00.000', 'Online', 'REC-2026-0091', '0.00', NULL, '2026-07-10 22:38:02.100');
INSERT INTO [parent_bills] ([id], [student_id], [title], [amount], [due_date], [status], [paid_date], [payment_method], [receipt_no], [waiver_amount], [notes], [created_at]) VALUES (58, 15, 'Nursery Learning Material & Supplies Kit', '4500.00', '2026-04-15', 'Paid', '2026-04-10 14:15:00.000', 'Card', 'REC-2026-0142', '0.00', NULL, '2026-07-10 22:38:02.100');
INSERT INTO [parent_bills] ([id], [student_id], [title], [amount], [due_date], [status], [paid_date], [payment_method], [receipt_no], [waiver_amount], [notes], [created_at]) VALUES (59, 15, 'Term 2 Tuition & Sports Fees', '12500.00', '2026-10-15', 'Unpaid', NULL, NULL, NULL, '0.00', NULL, '2026-07-10 22:38:02.100');
INSERT INTO [parent_bills] ([id], [student_id], [title], [amount], [due_date], [status], [paid_date], [payment_method], [receipt_no], [waiver_amount], [notes], [created_at]) VALUES (60, 15, 'Annual Science Fair Excursion', '1200.00', '2026-11-20', 'Unpaid', NULL, NULL, NULL, '0.00', NULL, '2026-07-10 22:38:02.100');
INSERT INTO [parent_bills] ([id], [student_id], [title], [amount], [due_date], [status], [paid_date], [payment_method], [receipt_no], [waiver_amount], [notes], [created_at]) VALUES (61, 16, 'Term 1 Tuition & Admin Fees', '12500.00', '2026-03-31', 'Paid', '2026-03-15 10:30:00.000', 'Online', 'REC-2026-0091', '0.00', NULL, '2026-07-10 22:38:02.103');
INSERT INTO [parent_bills] ([id], [student_id], [title], [amount], [due_date], [status], [paid_date], [payment_method], [receipt_no], [waiver_amount], [notes], [created_at]) VALUES (62, 16, 'Nursery Learning Material & Supplies Kit', '4500.00', '2026-04-15', 'Paid', '2026-04-10 14:15:00.000', 'Card', 'REC-2026-0142', '0.00', NULL, '2026-07-10 22:38:02.103');
INSERT INTO [parent_bills] ([id], [student_id], [title], [amount], [due_date], [status], [paid_date], [payment_method], [receipt_no], [waiver_amount], [notes], [created_at]) VALUES (63, 16, 'Term 2 Tuition & Sports Fees', '12500.00', '2026-10-15', 'Unpaid', NULL, NULL, NULL, '0.00', NULL, '2026-07-10 22:38:02.103');
INSERT INTO [parent_bills] ([id], [student_id], [title], [amount], [due_date], [status], [paid_date], [payment_method], [receipt_no], [waiver_amount], [notes], [created_at]) VALUES (64, 16, 'Annual Science Fair Excursion', '1200.00', '2026-11-20', 'Unpaid', NULL, NULL, NULL, '0.00', NULL, '2026-07-10 22:38:02.103');
INSERT INTO [parent_bills] ([id], [student_id], [title], [amount], [due_date], [status], [paid_date], [payment_method], [receipt_no], [waiver_amount], [notes], [created_at]) VALUES (65, 20, 'Term 1 Tuition & Admin Fees', '12500.00', '2026-03-31', 'Paid', '2026-03-15 10:30:00.000', 'Online', 'REC-2026-0091', '0.00', NULL, '2026-07-10 22:38:02.107');
INSERT INTO [parent_bills] ([id], [student_id], [title], [amount], [due_date], [status], [paid_date], [payment_method], [receipt_no], [waiver_amount], [notes], [created_at]) VALUES (66, 20, 'Nursery Learning Material & Supplies Kit', '4500.00', '2026-04-15', 'Paid', '2026-04-10 14:15:00.000', 'Card', 'REC-2026-0142', '0.00', NULL, '2026-07-10 22:38:02.107');
INSERT INTO [parent_bills] ([id], [student_id], [title], [amount], [due_date], [status], [paid_date], [payment_method], [receipt_no], [waiver_amount], [notes], [created_at]) VALUES (67, 20, 'Term 2 Tuition & Sports Fees', '12500.00', '2026-10-15', 'Paid', '2026-07-11 14:49:43.000', 'Razorpay (Simulated)', 'REC-MOCK-PAY-67-1783781383', '0.00', NULL, '2026-07-10 22:38:02.107');
INSERT INTO [parent_bills] ([id], [student_id], [title], [amount], [due_date], [status], [paid_date], [payment_method], [receipt_no], [waiver_amount], [notes], [created_at]) VALUES (68, 20, 'Annual Science Fair Excursion', '1200.00', '2026-11-20', 'Unpaid', NULL, NULL, NULL, '0.00', NULL, '2026-07-10 22:38:02.107');

SET IDENTITY_INSERT [parent_bills] OFF;

-- ----------------------------------------------------------
-- Data for table: parent_milestones
-- ----------------------------------------------------------
SET IDENTITY_INSERT [parent_milestones] ON;

INSERT INTO [parent_milestones] ([id], [student_id], [milestone_name], [category], [status], [completed_date], [teacher_comments], [created_at]) VALUES (1, 1, 'Identifies standard uppercase & lowercase letters', 'Cognitive', 'Completed', '2026-05-12', 'Excellent progress! Quickly recognizes vowels and primary consonants.', '2026-07-10 22:38:02.073');
INSERT INTO [parent_milestones] ([id], [student_id], [milestone_name], [category], [status], [completed_date], [teacher_comments], [created_at]) VALUES (2, 1, 'Counts and maps objects up to 20', 'Cognitive', 'Completed', '2026-06-08', 'Demonstrates good sorting and counting accuracy with play blocks.', '2026-07-10 22:38:02.073');
INSERT INTO [parent_milestones] ([id], [student_id], [milestone_name], [category], [status], [completed_date], [teacher_comments], [created_at]) VALUES (3, 1, 'Solves simple 4-6 piece jigsaw puzzles', 'Cognitive', 'In Progress', NULL, 'Beginning to group colors together. Needs slight encouragement to finish corner pieces.', '2026-07-10 22:38:02.073');
INSERT INTO [parent_milestones] ([id], [student_id], [milestone_name], [category], [status], [completed_date], [teacher_comments], [created_at]) VALUES (4, 1, 'Ties shoelaces independently', 'Physical', 'Not Started', NULL, 'Fine motor skills are developing well. We will practice lace loops next month.', '2026-07-10 22:38:02.073');
INSERT INTO [parent_milestones] ([id], [student_id], [milestone_name], [category], [status], [completed_date], [teacher_comments], [created_at]) VALUES (5, 1, 'Hops on one foot and maintains balance', 'Physical', 'Completed', '2026-06-15', 'Very active and shows great coordination during morning yoga sessions.', '2026-07-10 22:38:02.073');
INSERT INTO [parent_milestones] ([id], [student_id], [milestone_name], [category], [status], [completed_date], [teacher_comments], [created_at]) VALUES (6, 1, 'Paints within bounds of shapes', 'Physical', 'In Progress', NULL, 'Grip is firm. Still learning boundaries but shows wonderful creativity.', '2026-07-10 22:38:02.073');
INSERT INTO [parent_milestones] ([id], [student_id], [milestone_name], [category], [status], [completed_date], [teacher_comments], [created_at]) VALUES (7, 1, 'Shares toys voluntarily with peers', 'Emotional', 'Completed', '2026-06-20', 'Friendly behavior. Enthusiastically shares coloring kits during playgroup time.', '2026-07-10 22:38:02.073');
INSERT INTO [parent_milestones] ([id], [student_id], [milestone_name], [category], [status], [completed_date], [teacher_comments], [created_at]) VALUES (8, 1, 'Expresses distress or needs verbally instead of crying', 'Emotional', 'Completed', '2026-07-02', 'Communicates needs clearly to class monitors and teachers.', '2026-07-10 22:38:02.073');
INSERT INTO [parent_milestones] ([id], [student_id], [milestone_name], [category], [status], [completed_date], [teacher_comments], [created_at]) VALUES (9, 2, 'Identifies standard uppercase & lowercase letters', 'Cognitive', 'Completed', '2026-05-12', 'Excellent progress! Quickly recognizes vowels and primary consonants.', '2026-07-10 22:38:02.077');
INSERT INTO [parent_milestones] ([id], [student_id], [milestone_name], [category], [status], [completed_date], [teacher_comments], [created_at]) VALUES (10, 2, 'Counts and maps objects up to 20', 'Cognitive', 'Completed', '2026-06-08', 'Demonstrates good sorting and counting accuracy with play blocks.', '2026-07-10 22:38:02.077');
INSERT INTO [parent_milestones] ([id], [student_id], [milestone_name], [category], [status], [completed_date], [teacher_comments], [created_at]) VALUES (11, 2, 'Solves simple 4-6 piece jigsaw puzzles', 'Cognitive', 'In Progress', NULL, 'Beginning to group colors together. Needs slight encouragement to finish corner pieces.', '2026-07-10 22:38:02.077');
INSERT INTO [parent_milestones] ([id], [student_id], [milestone_name], [category], [status], [completed_date], [teacher_comments], [created_at]) VALUES (12, 2, 'Ties shoelaces independently', 'Physical', 'Not Started', NULL, 'Fine motor skills are developing well. We will practice lace loops next month.', '2026-07-10 22:38:02.077');
INSERT INTO [parent_milestones] ([id], [student_id], [milestone_name], [category], [status], [completed_date], [teacher_comments], [created_at]) VALUES (13, 2, 'Hops on one foot and maintains balance', 'Physical', 'Completed', '2026-06-15', 'Very active and shows great coordination during morning yoga sessions.', '2026-07-10 22:38:02.077');
INSERT INTO [parent_milestones] ([id], [student_id], [milestone_name], [category], [status], [completed_date], [teacher_comments], [created_at]) VALUES (14, 2, 'Paints within bounds of shapes', 'Physical', 'In Progress', NULL, 'Grip is firm. Still learning boundaries but shows wonderful creativity.', '2026-07-10 22:38:02.077');
INSERT INTO [parent_milestones] ([id], [student_id], [milestone_name], [category], [status], [completed_date], [teacher_comments], [created_at]) VALUES (15, 2, 'Shares toys voluntarily with peers', 'Emotional', 'Completed', '2026-06-20', 'Friendly behavior. Enthusiastically shares coloring kits during playgroup time.', '2026-07-10 22:38:02.077');
INSERT INTO [parent_milestones] ([id], [student_id], [milestone_name], [category], [status], [completed_date], [teacher_comments], [created_at]) VALUES (16, 2, 'Expresses distress or needs verbally instead of crying', 'Emotional', 'Completed', '2026-07-02', 'Communicates needs clearly to class monitors and teachers.', '2026-07-10 22:38:02.077');
INSERT INTO [parent_milestones] ([id], [student_id], [milestone_name], [category], [status], [completed_date], [teacher_comments], [created_at]) VALUES (17, 3, 'Identifies standard uppercase & lowercase letters', 'Cognitive', 'Completed', '2026-05-12', 'Excellent progress! Quickly recognizes vowels and primary consonants.', '2026-07-10 22:38:02.077');
INSERT INTO [parent_milestones] ([id], [student_id], [milestone_name], [category], [status], [completed_date], [teacher_comments], [created_at]) VALUES (18, 3, 'Counts and maps objects up to 20', 'Cognitive', 'Completed', '2026-06-08', 'Demonstrates good sorting and counting accuracy with play blocks.', '2026-07-10 22:38:02.077');
INSERT INTO [parent_milestones] ([id], [student_id], [milestone_name], [category], [status], [completed_date], [teacher_comments], [created_at]) VALUES (19, 3, 'Solves simple 4-6 piece jigsaw puzzles', 'Cognitive', 'In Progress', NULL, 'Beginning to group colors together. Needs slight encouragement to finish corner pieces.', '2026-07-10 22:38:02.077');
INSERT INTO [parent_milestones] ([id], [student_id], [milestone_name], [category], [status], [completed_date], [teacher_comments], [created_at]) VALUES (20, 3, 'Ties shoelaces independently', 'Physical', 'Not Started', NULL, 'Fine motor skills are developing well. We will practice lace loops next month.', '2026-07-10 22:38:02.077');
INSERT INTO [parent_milestones] ([id], [student_id], [milestone_name], [category], [status], [completed_date], [teacher_comments], [created_at]) VALUES (21, 3, 'Hops on one foot and maintains balance', 'Physical', 'Completed', '2026-06-15', 'Very active and shows great coordination during morning yoga sessions.', '2026-07-10 22:38:02.077');
INSERT INTO [parent_milestones] ([id], [student_id], [milestone_name], [category], [status], [completed_date], [teacher_comments], [created_at]) VALUES (22, 3, 'Paints within bounds of shapes', 'Physical', 'In Progress', NULL, 'Grip is firm. Still learning boundaries but shows wonderful creativity.', '2026-07-10 22:38:02.077');
INSERT INTO [parent_milestones] ([id], [student_id], [milestone_name], [category], [status], [completed_date], [teacher_comments], [created_at]) VALUES (23, 3, 'Shares toys voluntarily with peers', 'Emotional', 'Completed', '2026-06-20', 'Friendly behavior. Enthusiastically shares coloring kits during playgroup time.', '2026-07-10 22:38:02.077');
INSERT INTO [parent_milestones] ([id], [student_id], [milestone_name], [category], [status], [completed_date], [teacher_comments], [created_at]) VALUES (24, 3, 'Expresses distress or needs verbally instead of crying', 'Emotional', 'Completed', '2026-07-02', 'Communicates needs clearly to class monitors and teachers.', '2026-07-10 22:38:02.077');
INSERT INTO [parent_milestones] ([id], [student_id], [milestone_name], [category], [status], [completed_date], [teacher_comments], [created_at]) VALUES (25, 4, 'Identifies standard uppercase & lowercase letters', 'Cognitive', 'Completed', '2026-05-12', 'Excellent progress! Quickly recognizes vowels and primary consonants.', '2026-07-10 22:38:02.080');
INSERT INTO [parent_milestones] ([id], [student_id], [milestone_name], [category], [status], [completed_date], [teacher_comments], [created_at]) VALUES (26, 4, 'Counts and maps objects up to 20', 'Cognitive', 'Completed', '2026-06-08', 'Demonstrates good sorting and counting accuracy with play blocks.', '2026-07-10 22:38:02.080');
INSERT INTO [parent_milestones] ([id], [student_id], [milestone_name], [category], [status], [completed_date], [teacher_comments], [created_at]) VALUES (27, 4, 'Solves simple 4-6 piece jigsaw puzzles', 'Cognitive', 'In Progress', NULL, 'Beginning to group colors together. Needs slight encouragement to finish corner pieces.', '2026-07-10 22:38:02.080');
INSERT INTO [parent_milestones] ([id], [student_id], [milestone_name], [category], [status], [completed_date], [teacher_comments], [created_at]) VALUES (28, 4, 'Ties shoelaces independently', 'Physical', 'Not Started', NULL, 'Fine motor skills are developing well. We will practice lace loops next month.', '2026-07-10 22:38:02.080');
INSERT INTO [parent_milestones] ([id], [student_id], [milestone_name], [category], [status], [completed_date], [teacher_comments], [created_at]) VALUES (29, 4, 'Hops on one foot and maintains balance', 'Physical', 'Completed', '2026-06-15', 'Very active and shows great coordination during morning yoga sessions.', '2026-07-10 22:38:02.080');
INSERT INTO [parent_milestones] ([id], [student_id], [milestone_name], [category], [status], [completed_date], [teacher_comments], [created_at]) VALUES (30, 4, 'Paints within bounds of shapes', 'Physical', 'In Progress', NULL, 'Grip is firm. Still learning boundaries but shows wonderful creativity.', '2026-07-10 22:38:02.080');
INSERT INTO [parent_milestones] ([id], [student_id], [milestone_name], [category], [status], [completed_date], [teacher_comments], [created_at]) VALUES (31, 4, 'Shares toys voluntarily with peers', 'Emotional', 'Completed', '2026-06-20', 'Friendly behavior. Enthusiastically shares coloring kits during playgroup time.', '2026-07-10 22:38:02.080');
INSERT INTO [parent_milestones] ([id], [student_id], [milestone_name], [category], [status], [completed_date], [teacher_comments], [created_at]) VALUES (32, 4, 'Expresses distress or needs verbally instead of crying', 'Emotional', 'Completed', '2026-07-02', 'Communicates needs clearly to class monitors and teachers.', '2026-07-10 22:38:02.080');
INSERT INTO [parent_milestones] ([id], [student_id], [milestone_name], [category], [status], [completed_date], [teacher_comments], [created_at]) VALUES (33, 5, 'Identifies standard uppercase & lowercase letters', 'Cognitive', 'Completed', '2026-05-12', 'Excellent progress! Quickly recognizes vowels and primary consonants.', '2026-07-10 22:38:02.080');
INSERT INTO [parent_milestones] ([id], [student_id], [milestone_name], [category], [status], [completed_date], [teacher_comments], [created_at]) VALUES (34, 5, 'Counts and maps objects up to 20', 'Cognitive', 'Completed', '2026-06-08', 'Demonstrates good sorting and counting accuracy with play blocks.', '2026-07-10 22:38:02.080');
INSERT INTO [parent_milestones] ([id], [student_id], [milestone_name], [category], [status], [completed_date], [teacher_comments], [created_at]) VALUES (35, 5, 'Solves simple 4-6 piece jigsaw puzzles', 'Cognitive', 'In Progress', NULL, 'Beginning to group colors together. Needs slight encouragement to finish corner pieces.', '2026-07-10 22:38:02.080');
INSERT INTO [parent_milestones] ([id], [student_id], [milestone_name], [category], [status], [completed_date], [teacher_comments], [created_at]) VALUES (36, 5, 'Ties shoelaces independently', 'Physical', 'Not Started', NULL, 'Fine motor skills are developing well. We will practice lace loops next month.', '2026-07-10 22:38:02.080');
INSERT INTO [parent_milestones] ([id], [student_id], [milestone_name], [category], [status], [completed_date], [teacher_comments], [created_at]) VALUES (37, 5, 'Hops on one foot and maintains balance', 'Physical', 'Completed', '2026-06-15', 'Very active and shows great coordination during morning yoga sessions.', '2026-07-10 22:38:02.080');
INSERT INTO [parent_milestones] ([id], [student_id], [milestone_name], [category], [status], [completed_date], [teacher_comments], [created_at]) VALUES (38, 5, 'Paints within bounds of shapes', 'Physical', 'In Progress', NULL, 'Grip is firm. Still learning boundaries but shows wonderful creativity.', '2026-07-10 22:38:02.080');
INSERT INTO [parent_milestones] ([id], [student_id], [milestone_name], [category], [status], [completed_date], [teacher_comments], [created_at]) VALUES (39, 5, 'Shares toys voluntarily with peers', 'Emotional', 'Completed', '2026-06-20', 'Friendly behavior. Enthusiastically shares coloring kits during playgroup time.', '2026-07-10 22:38:02.080');
INSERT INTO [parent_milestones] ([id], [student_id], [milestone_name], [category], [status], [completed_date], [teacher_comments], [created_at]) VALUES (40, 5, 'Expresses distress or needs verbally instead of crying', 'Emotional', 'Completed', '2026-07-02', 'Communicates needs clearly to class monitors and teachers.', '2026-07-10 22:38:02.080');
INSERT INTO [parent_milestones] ([id], [student_id], [milestone_name], [category], [status], [completed_date], [teacher_comments], [created_at]) VALUES (41, 6, 'Identifies standard uppercase & lowercase letters', 'Cognitive', 'Completed', '2026-05-12', 'Excellent progress! Quickly recognizes vowels and primary consonants.', '2026-07-10 22:38:02.083');
INSERT INTO [parent_milestones] ([id], [student_id], [milestone_name], [category], [status], [completed_date], [teacher_comments], [created_at]) VALUES (42, 6, 'Counts and maps objects up to 20', 'Cognitive', 'Completed', '2026-06-08', 'Demonstrates good sorting and counting accuracy with play blocks.', '2026-07-10 22:38:02.083');
INSERT INTO [parent_milestones] ([id], [student_id], [milestone_name], [category], [status], [completed_date], [teacher_comments], [created_at]) VALUES (43, 6, 'Solves simple 4-6 piece jigsaw puzzles', 'Cognitive', 'In Progress', NULL, 'Beginning to group colors together. Needs slight encouragement to finish corner pieces.', '2026-07-10 22:38:02.083');
INSERT INTO [parent_milestones] ([id], [student_id], [milestone_name], [category], [status], [completed_date], [teacher_comments], [created_at]) VALUES (44, 6, 'Ties shoelaces independently', 'Physical', 'Not Started', NULL, 'Fine motor skills are developing well. We will practice lace loops next month.', '2026-07-10 22:38:02.083');
INSERT INTO [parent_milestones] ([id], [student_id], [milestone_name], [category], [status], [completed_date], [teacher_comments], [created_at]) VALUES (45, 6, 'Hops on one foot and maintains balance', 'Physical', 'Completed', '2026-06-15', 'Very active and shows great coordination during morning yoga sessions.', '2026-07-10 22:38:02.083');
INSERT INTO [parent_milestones] ([id], [student_id], [milestone_name], [category], [status], [completed_date], [teacher_comments], [created_at]) VALUES (46, 6, 'Paints within bounds of shapes', 'Physical', 'In Progress', NULL, 'Grip is firm. Still learning boundaries but shows wonderful creativity.', '2026-07-10 22:38:02.083');
INSERT INTO [parent_milestones] ([id], [student_id], [milestone_name], [category], [status], [completed_date], [teacher_comments], [created_at]) VALUES (47, 6, 'Shares toys voluntarily with peers', 'Emotional', 'Completed', '2026-06-20', 'Friendly behavior. Enthusiastically shares coloring kits during playgroup time.', '2026-07-10 22:38:02.083');
INSERT INTO [parent_milestones] ([id], [student_id], [milestone_name], [category], [status], [completed_date], [teacher_comments], [created_at]) VALUES (48, 6, 'Expresses distress or needs verbally instead of crying', 'Emotional', 'Completed', '2026-07-02', 'Communicates needs clearly to class monitors and teachers.', '2026-07-10 22:38:02.083');
INSERT INTO [parent_milestones] ([id], [student_id], [milestone_name], [category], [status], [completed_date], [teacher_comments], [created_at]) VALUES (49, 7, 'Identifies standard uppercase & lowercase letters', 'Cognitive', 'Completed', '2026-05-12', 'Excellent progress! Quickly recognizes vowels and primary consonants.', '2026-07-10 22:38:02.087');
INSERT INTO [parent_milestones] ([id], [student_id], [milestone_name], [category], [status], [completed_date], [teacher_comments], [created_at]) VALUES (50, 7, 'Counts and maps objects up to 20', 'Cognitive', 'Completed', '2026-06-08', 'Demonstrates good sorting and counting accuracy with play blocks.', '2026-07-10 22:38:02.087');
INSERT INTO [parent_milestones] ([id], [student_id], [milestone_name], [category], [status], [completed_date], [teacher_comments], [created_at]) VALUES (51, 7, 'Solves simple 4-6 piece jigsaw puzzles', 'Cognitive', 'In Progress', NULL, 'Beginning to group colors together. Needs slight encouragement to finish corner pieces.', '2026-07-10 22:38:02.087');
INSERT INTO [parent_milestones] ([id], [student_id], [milestone_name], [category], [status], [completed_date], [teacher_comments], [created_at]) VALUES (52, 7, 'Ties shoelaces independently', 'Physical', 'Not Started', NULL, 'Fine motor skills are developing well. We will practice lace loops next month.', '2026-07-10 22:38:02.087');
INSERT INTO [parent_milestones] ([id], [student_id], [milestone_name], [category], [status], [completed_date], [teacher_comments], [created_at]) VALUES (53, 7, 'Hops on one foot and maintains balance', 'Physical', 'Completed', '2026-06-15', 'Very active and shows great coordination during morning yoga sessions.', '2026-07-10 22:38:02.087');
INSERT INTO [parent_milestones] ([id], [student_id], [milestone_name], [category], [status], [completed_date], [teacher_comments], [created_at]) VALUES (54, 7, 'Paints within bounds of shapes', 'Physical', 'In Progress', NULL, 'Grip is firm. Still learning boundaries but shows wonderful creativity.', '2026-07-10 22:38:02.087');
INSERT INTO [parent_milestones] ([id], [student_id], [milestone_name], [category], [status], [completed_date], [teacher_comments], [created_at]) VALUES (55, 7, 'Shares toys voluntarily with peers', 'Emotional', 'Completed', '2026-06-20', 'Friendly behavior. Enthusiastically shares coloring kits during playgroup time.', '2026-07-10 22:38:02.087');
INSERT INTO [parent_milestones] ([id], [student_id], [milestone_name], [category], [status], [completed_date], [teacher_comments], [created_at]) VALUES (56, 7, 'Expresses distress or needs verbally instead of crying', 'Emotional', 'Completed', '2026-07-02', 'Communicates needs clearly to class monitors and teachers.', '2026-07-10 22:38:02.087');
INSERT INTO [parent_milestones] ([id], [student_id], [milestone_name], [category], [status], [completed_date], [teacher_comments], [created_at]) VALUES (57, 8, 'Identifies standard uppercase & lowercase letters', 'Cognitive', 'Completed', '2026-05-12', 'Excellent progress! Quickly recognizes vowels and primary consonants.', '2026-07-10 22:38:02.087');
INSERT INTO [parent_milestones] ([id], [student_id], [milestone_name], [category], [status], [completed_date], [teacher_comments], [created_at]) VALUES (58, 8, 'Counts and maps objects up to 20', 'Cognitive', 'Completed', '2026-06-08', 'Demonstrates good sorting and counting accuracy with play blocks.', '2026-07-10 22:38:02.087');
INSERT INTO [parent_milestones] ([id], [student_id], [milestone_name], [category], [status], [completed_date], [teacher_comments], [created_at]) VALUES (59, 8, 'Solves simple 4-6 piece jigsaw puzzles', 'Cognitive', 'In Progress', NULL, 'Beginning to group colors together. Needs slight encouragement to finish corner pieces.', '2026-07-10 22:38:02.087');
INSERT INTO [parent_milestones] ([id], [student_id], [milestone_name], [category], [status], [completed_date], [teacher_comments], [created_at]) VALUES (60, 8, 'Ties shoelaces independently', 'Physical', 'Not Started', NULL, 'Fine motor skills are developing well. We will practice lace loops next month.', '2026-07-10 22:38:02.087');
INSERT INTO [parent_milestones] ([id], [student_id], [milestone_name], [category], [status], [completed_date], [teacher_comments], [created_at]) VALUES (61, 8, 'Hops on one foot and maintains balance', 'Physical', 'Completed', '2026-06-15', 'Very active and shows great coordination during morning yoga sessions.', '2026-07-10 22:38:02.087');
INSERT INTO [parent_milestones] ([id], [student_id], [milestone_name], [category], [status], [completed_date], [teacher_comments], [created_at]) VALUES (62, 8, 'Paints within bounds of shapes', 'Physical', 'In Progress', NULL, 'Grip is firm. Still learning boundaries but shows wonderful creativity.', '2026-07-10 22:38:02.087');
INSERT INTO [parent_milestones] ([id], [student_id], [milestone_name], [category], [status], [completed_date], [teacher_comments], [created_at]) VALUES (63, 8, 'Shares toys voluntarily with peers', 'Emotional', 'Completed', '2026-06-20', 'Friendly behavior. Enthusiastically shares coloring kits during playgroup time.', '2026-07-10 22:38:02.087');
INSERT INTO [parent_milestones] ([id], [student_id], [milestone_name], [category], [status], [completed_date], [teacher_comments], [created_at]) VALUES (64, 8, 'Expresses distress or needs verbally instead of crying', 'Emotional', 'Completed', '2026-07-02', 'Communicates needs clearly to class monitors and teachers.', '2026-07-10 22:38:02.087');
INSERT INTO [parent_milestones] ([id], [student_id], [milestone_name], [category], [status], [completed_date], [teacher_comments], [created_at]) VALUES (65, 9, 'Identifies standard uppercase & lowercase letters', 'Cognitive', 'Completed', '2026-05-12', 'Excellent progress! Quickly recognizes vowels and primary consonants.', '2026-07-10 22:38:02.090');
INSERT INTO [parent_milestones] ([id], [student_id], [milestone_name], [category], [status], [completed_date], [teacher_comments], [created_at]) VALUES (66, 9, 'Counts and maps objects up to 20', 'Cognitive', 'Completed', '2026-06-08', 'Demonstrates good sorting and counting accuracy with play blocks.', '2026-07-10 22:38:02.090');
INSERT INTO [parent_milestones] ([id], [student_id], [milestone_name], [category], [status], [completed_date], [teacher_comments], [created_at]) VALUES (67, 9, 'Solves simple 4-6 piece jigsaw puzzles', 'Cognitive', 'In Progress', NULL, 'Beginning to group colors together. Needs slight encouragement to finish corner pieces.', '2026-07-10 22:38:02.090');
INSERT INTO [parent_milestones] ([id], [student_id], [milestone_name], [category], [status], [completed_date], [teacher_comments], [created_at]) VALUES (68, 9, 'Ties shoelaces independently', 'Physical', 'Not Started', NULL, 'Fine motor skills are developing well. We will practice lace loops next month.', '2026-07-10 22:38:02.090');
INSERT INTO [parent_milestones] ([id], [student_id], [milestone_name], [category], [status], [completed_date], [teacher_comments], [created_at]) VALUES (69, 9, 'Hops on one foot and maintains balance', 'Physical', 'Completed', '2026-06-15', 'Very active and shows great coordination during morning yoga sessions.', '2026-07-10 22:38:02.090');
INSERT INTO [parent_milestones] ([id], [student_id], [milestone_name], [category], [status], [completed_date], [teacher_comments], [created_at]) VALUES (70, 9, 'Paints within bounds of shapes', 'Physical', 'In Progress', NULL, 'Grip is firm. Still learning boundaries but shows wonderful creativity.', '2026-07-10 22:38:02.090');
INSERT INTO [parent_milestones] ([id], [student_id], [milestone_name], [category], [status], [completed_date], [teacher_comments], [created_at]) VALUES (71, 9, 'Shares toys voluntarily with peers', 'Emotional', 'Completed', '2026-06-20', 'Friendly behavior. Enthusiastically shares coloring kits during playgroup time.', '2026-07-10 22:38:02.090');
INSERT INTO [parent_milestones] ([id], [student_id], [milestone_name], [category], [status], [completed_date], [teacher_comments], [created_at]) VALUES (72, 9, 'Expresses distress or needs verbally instead of crying', 'Emotional', 'Completed', '2026-07-02', 'Communicates needs clearly to class monitors and teachers.', '2026-07-10 22:38:02.090');
INSERT INTO [parent_milestones] ([id], [student_id], [milestone_name], [category], [status], [completed_date], [teacher_comments], [created_at]) VALUES (73, 10, 'Identifies standard uppercase & lowercase letters', 'Cognitive', 'Completed', '2026-05-12', 'Excellent progress! Quickly recognizes vowels and primary consonants.', '2026-07-10 22:38:02.093');
INSERT INTO [parent_milestones] ([id], [student_id], [milestone_name], [category], [status], [completed_date], [teacher_comments], [created_at]) VALUES (74, 10, 'Counts and maps objects up to 20', 'Cognitive', 'Completed', '2026-06-08', 'Demonstrates good sorting and counting accuracy with play blocks.', '2026-07-10 22:38:02.093');
INSERT INTO [parent_milestones] ([id], [student_id], [milestone_name], [category], [status], [completed_date], [teacher_comments], [created_at]) VALUES (75, 10, 'Solves simple 4-6 piece jigsaw puzzles', 'Cognitive', 'In Progress', NULL, 'Beginning to group colors together. Needs slight encouragement to finish corner pieces.', '2026-07-10 22:38:02.093');
INSERT INTO [parent_milestones] ([id], [student_id], [milestone_name], [category], [status], [completed_date], [teacher_comments], [created_at]) VALUES (76, 10, 'Ties shoelaces independently', 'Physical', 'Not Started', NULL, 'Fine motor skills are developing well. We will practice lace loops next month.', '2026-07-10 22:38:02.093');
INSERT INTO [parent_milestones] ([id], [student_id], [milestone_name], [category], [status], [completed_date], [teacher_comments], [created_at]) VALUES (77, 10, 'Hops on one foot and maintains balance', 'Physical', 'Completed', '2026-06-15', 'Very active and shows great coordination during morning yoga sessions.', '2026-07-10 22:38:02.093');
INSERT INTO [parent_milestones] ([id], [student_id], [milestone_name], [category], [status], [completed_date], [teacher_comments], [created_at]) VALUES (78, 10, 'Paints within bounds of shapes', 'Physical', 'In Progress', NULL, 'Grip is firm. Still learning boundaries but shows wonderful creativity.', '2026-07-10 22:38:02.093');
INSERT INTO [parent_milestones] ([id], [student_id], [milestone_name], [category], [status], [completed_date], [teacher_comments], [created_at]) VALUES (79, 10, 'Shares toys voluntarily with peers', 'Emotional', 'Completed', '2026-06-20', 'Friendly behavior. Enthusiastically shares coloring kits during playgroup time.', '2026-07-10 22:38:02.093');
INSERT INTO [parent_milestones] ([id], [student_id], [milestone_name], [category], [status], [completed_date], [teacher_comments], [created_at]) VALUES (80, 10, 'Expresses distress or needs verbally instead of crying', 'Emotional', 'Completed', '2026-07-02', 'Communicates needs clearly to class monitors and teachers.', '2026-07-10 22:38:02.093');
INSERT INTO [parent_milestones] ([id], [student_id], [milestone_name], [category], [status], [completed_date], [teacher_comments], [created_at]) VALUES (81, 11, 'Identifies standard uppercase & lowercase letters', 'Cognitive', 'Completed', '2026-05-12', 'Excellent progress! Quickly recognizes vowels and primary consonants.', '2026-07-10 22:38:02.093');
INSERT INTO [parent_milestones] ([id], [student_id], [milestone_name], [category], [status], [completed_date], [teacher_comments], [created_at]) VALUES (82, 11, 'Counts and maps objects up to 20', 'Cognitive', 'Completed', '2026-06-08', 'Demonstrates good sorting and counting accuracy with play blocks.', '2026-07-10 22:38:02.093');
INSERT INTO [parent_milestones] ([id], [student_id], [milestone_name], [category], [status], [completed_date], [teacher_comments], [created_at]) VALUES (83, 11, 'Solves simple 4-6 piece jigsaw puzzles', 'Cognitive', 'In Progress', NULL, 'Beginning to group colors together. Needs slight encouragement to finish corner pieces.', '2026-07-10 22:38:02.093');
INSERT INTO [parent_milestones] ([id], [student_id], [milestone_name], [category], [status], [completed_date], [teacher_comments], [created_at]) VALUES (84, 11, 'Ties shoelaces independently', 'Physical', 'Not Started', NULL, 'Fine motor skills are developing well. We will practice lace loops next month.', '2026-07-10 22:38:02.093');
INSERT INTO [parent_milestones] ([id], [student_id], [milestone_name], [category], [status], [completed_date], [teacher_comments], [created_at]) VALUES (85, 11, 'Hops on one foot and maintains balance', 'Physical', 'Completed', '2026-06-15', 'Very active and shows great coordination during morning yoga sessions.', '2026-07-10 22:38:02.093');
INSERT INTO [parent_milestones] ([id], [student_id], [milestone_name], [category], [status], [completed_date], [teacher_comments], [created_at]) VALUES (86, 11, 'Paints within bounds of shapes', 'Physical', 'In Progress', NULL, 'Grip is firm. Still learning boundaries but shows wonderful creativity.', '2026-07-10 22:38:02.093');
INSERT INTO [parent_milestones] ([id], [student_id], [milestone_name], [category], [status], [completed_date], [teacher_comments], [created_at]) VALUES (87, 11, 'Shares toys voluntarily with peers', 'Emotional', 'Completed', '2026-06-20', 'Friendly behavior. Enthusiastically shares coloring kits during playgroup time.', '2026-07-10 22:38:02.093');
INSERT INTO [parent_milestones] ([id], [student_id], [milestone_name], [category], [status], [completed_date], [teacher_comments], [created_at]) VALUES (88, 11, 'Expresses distress or needs verbally instead of crying', 'Emotional', 'Completed', '2026-07-02', 'Communicates needs clearly to class monitors and teachers.', '2026-07-10 22:38:02.093');
INSERT INTO [parent_milestones] ([id], [student_id], [milestone_name], [category], [status], [completed_date], [teacher_comments], [created_at]) VALUES (89, 12, 'Identifies standard uppercase & lowercase letters', 'Cognitive', 'Completed', '2026-05-12', 'Excellent progress! Quickly recognizes vowels and primary consonants.', '2026-07-10 22:38:02.097');
INSERT INTO [parent_milestones] ([id], [student_id], [milestone_name], [category], [status], [completed_date], [teacher_comments], [created_at]) VALUES (90, 12, 'Counts and maps objects up to 20', 'Cognitive', 'Completed', '2026-06-08', 'Demonstrates good sorting and counting accuracy with play blocks.', '2026-07-10 22:38:02.097');
INSERT INTO [parent_milestones] ([id], [student_id], [milestone_name], [category], [status], [completed_date], [teacher_comments], [created_at]) VALUES (91, 12, 'Solves simple 4-6 piece jigsaw puzzles', 'Cognitive', 'In Progress', NULL, 'Beginning to group colors together. Needs slight encouragement to finish corner pieces.', '2026-07-10 22:38:02.097');
INSERT INTO [parent_milestones] ([id], [student_id], [milestone_name], [category], [status], [completed_date], [teacher_comments], [created_at]) VALUES (92, 12, 'Ties shoelaces independently', 'Physical', 'Not Started', NULL, 'Fine motor skills are developing well. We will practice lace loops next month.', '2026-07-10 22:38:02.097');
INSERT INTO [parent_milestones] ([id], [student_id], [milestone_name], [category], [status], [completed_date], [teacher_comments], [created_at]) VALUES (93, 12, 'Hops on one foot and maintains balance', 'Physical', 'Completed', '2026-06-15', 'Very active and shows great coordination during morning yoga sessions.', '2026-07-10 22:38:02.097');
INSERT INTO [parent_milestones] ([id], [student_id], [milestone_name], [category], [status], [completed_date], [teacher_comments], [created_at]) VALUES (94, 12, 'Paints within bounds of shapes', 'Physical', 'In Progress', NULL, 'Grip is firm. Still learning boundaries but shows wonderful creativity.', '2026-07-10 22:38:02.097');
INSERT INTO [parent_milestones] ([id], [student_id], [milestone_name], [category], [status], [completed_date], [teacher_comments], [created_at]) VALUES (95, 12, 'Shares toys voluntarily with peers', 'Emotional', 'Completed', '2026-06-20', 'Friendly behavior. Enthusiastically shares coloring kits during playgroup time.', '2026-07-10 22:38:02.097');
INSERT INTO [parent_milestones] ([id], [student_id], [milestone_name], [category], [status], [completed_date], [teacher_comments], [created_at]) VALUES (96, 12, 'Expresses distress or needs verbally instead of crying', 'Emotional', 'Completed', '2026-07-02', 'Communicates needs clearly to class monitors and teachers.', '2026-07-10 22:38:02.097');
INSERT INTO [parent_milestones] ([id], [student_id], [milestone_name], [category], [status], [completed_date], [teacher_comments], [created_at]) VALUES (97, 13, 'Identifies standard uppercase & lowercase letters', 'Cognitive', 'Completed', '2026-05-12', 'Excellent progress! Quickly recognizes vowels and primary consonants.', '2026-07-10 22:38:02.097');
INSERT INTO [parent_milestones] ([id], [student_id], [milestone_name], [category], [status], [completed_date], [teacher_comments], [created_at]) VALUES (98, 13, 'Counts and maps objects up to 20', 'Cognitive', 'Completed', '2026-06-08', 'Demonstrates good sorting and counting accuracy with play blocks.', '2026-07-10 22:38:02.097');
INSERT INTO [parent_milestones] ([id], [student_id], [milestone_name], [category], [status], [completed_date], [teacher_comments], [created_at]) VALUES (99, 13, 'Solves simple 4-6 piece jigsaw puzzles', 'Cognitive', 'In Progress', NULL, 'Beginning to group colors together. Needs slight encouragement to finish corner pieces.', '2026-07-10 22:38:02.097');
INSERT INTO [parent_milestones] ([id], [student_id], [milestone_name], [category], [status], [completed_date], [teacher_comments], [created_at]) VALUES (100, 13, 'Ties shoelaces independently', 'Physical', 'Not Started', NULL, 'Fine motor skills are developing well. We will practice lace loops next month.', '2026-07-10 22:38:02.097');
INSERT INTO [parent_milestones] ([id], [student_id], [milestone_name], [category], [status], [completed_date], [teacher_comments], [created_at]) VALUES (101, 13, 'Hops on one foot and maintains balance', 'Physical', 'Completed', '2026-06-15', 'Very active and shows great coordination during morning yoga sessions.', '2026-07-10 22:38:02.097');
INSERT INTO [parent_milestones] ([id], [student_id], [milestone_name], [category], [status], [completed_date], [teacher_comments], [created_at]) VALUES (102, 13, 'Paints within bounds of shapes', 'Physical', 'In Progress', NULL, 'Grip is firm. Still learning boundaries but shows wonderful creativity.', '2026-07-10 22:38:02.097');
INSERT INTO [parent_milestones] ([id], [student_id], [milestone_name], [category], [status], [completed_date], [teacher_comments], [created_at]) VALUES (103, 13, 'Shares toys voluntarily with peers', 'Emotional', 'Completed', '2026-06-20', 'Friendly behavior. Enthusiastically shares coloring kits during playgroup time.', '2026-07-10 22:38:02.097');
INSERT INTO [parent_milestones] ([id], [student_id], [milestone_name], [category], [status], [completed_date], [teacher_comments], [created_at]) VALUES (104, 13, 'Expresses distress or needs verbally instead of crying', 'Emotional', 'Completed', '2026-07-02', 'Communicates needs clearly to class monitors and teachers.', '2026-07-10 22:38:02.097');
INSERT INTO [parent_milestones] ([id], [student_id], [milestone_name], [category], [status], [completed_date], [teacher_comments], [created_at]) VALUES (105, 14, 'Identifies standard uppercase & lowercase letters', 'Cognitive', 'Completed', '2026-05-12', 'Excellent progress! Quickly recognizes vowels and primary consonants.', '2026-07-10 22:38:02.100');
INSERT INTO [parent_milestones] ([id], [student_id], [milestone_name], [category], [status], [completed_date], [teacher_comments], [created_at]) VALUES (106, 14, 'Counts and maps objects up to 20', 'Cognitive', 'Completed', '2026-06-08', 'Demonstrates good sorting and counting accuracy with play blocks.', '2026-07-10 22:38:02.100');
INSERT INTO [parent_milestones] ([id], [student_id], [milestone_name], [category], [status], [completed_date], [teacher_comments], [created_at]) VALUES (107, 14, 'Solves simple 4-6 piece jigsaw puzzles', 'Cognitive', 'In Progress', NULL, 'Beginning to group colors together. Needs slight encouragement to finish corner pieces.', '2026-07-10 22:38:02.100');
INSERT INTO [parent_milestones] ([id], [student_id], [milestone_name], [category], [status], [completed_date], [teacher_comments], [created_at]) VALUES (108, 14, 'Ties shoelaces independently', 'Physical', 'Not Started', NULL, 'Fine motor skills are developing well. We will practice lace loops next month.', '2026-07-10 22:38:02.100');
INSERT INTO [parent_milestones] ([id], [student_id], [milestone_name], [category], [status], [completed_date], [teacher_comments], [created_at]) VALUES (109, 14, 'Hops on one foot and maintains balance', 'Physical', 'Completed', '2026-06-15', 'Very active and shows great coordination during morning yoga sessions.', '2026-07-10 22:38:02.100');
INSERT INTO [parent_milestones] ([id], [student_id], [milestone_name], [category], [status], [completed_date], [teacher_comments], [created_at]) VALUES (110, 14, 'Paints within bounds of shapes', 'Physical', 'In Progress', NULL, 'Grip is firm. Still learning boundaries but shows wonderful creativity.', '2026-07-10 22:38:02.100');
INSERT INTO [parent_milestones] ([id], [student_id], [milestone_name], [category], [status], [completed_date], [teacher_comments], [created_at]) VALUES (111, 14, 'Shares toys voluntarily with peers', 'Emotional', 'Completed', '2026-06-20', 'Friendly behavior. Enthusiastically shares coloring kits during playgroup time.', '2026-07-10 22:38:02.100');
INSERT INTO [parent_milestones] ([id], [student_id], [milestone_name], [category], [status], [completed_date], [teacher_comments], [created_at]) VALUES (112, 14, 'Expresses distress or needs verbally instead of crying', 'Emotional', 'Completed', '2026-07-02', 'Communicates needs clearly to class monitors and teachers.', '2026-07-10 22:38:02.100');
INSERT INTO [parent_milestones] ([id], [student_id], [milestone_name], [category], [status], [completed_date], [teacher_comments], [created_at]) VALUES (113, 15, 'Identifies standard uppercase & lowercase letters', 'Cognitive', 'Completed', '2026-05-12', 'Excellent progress! Quickly recognizes vowels and primary consonants.', '2026-07-10 22:38:02.100');
INSERT INTO [parent_milestones] ([id], [student_id], [milestone_name], [category], [status], [completed_date], [teacher_comments], [created_at]) VALUES (114, 15, 'Counts and maps objects up to 20', 'Cognitive', 'Completed', '2026-06-08', 'Demonstrates good sorting and counting accuracy with play blocks.', '2026-07-10 22:38:02.100');
INSERT INTO [parent_milestones] ([id], [student_id], [milestone_name], [category], [status], [completed_date], [teacher_comments], [created_at]) VALUES (115, 15, 'Solves simple 4-6 piece jigsaw puzzles', 'Cognitive', 'In Progress', NULL, 'Beginning to group colors together. Needs slight encouragement to finish corner pieces.', '2026-07-10 22:38:02.100');
INSERT INTO [parent_milestones] ([id], [student_id], [milestone_name], [category], [status], [completed_date], [teacher_comments], [created_at]) VALUES (116, 15, 'Ties shoelaces independently', 'Physical', 'Not Started', NULL, 'Fine motor skills are developing well. We will practice lace loops next month.', '2026-07-10 22:38:02.100');
INSERT INTO [parent_milestones] ([id], [student_id], [milestone_name], [category], [status], [completed_date], [teacher_comments], [created_at]) VALUES (117, 15, 'Hops on one foot and maintains balance', 'Physical', 'Completed', '2026-06-15', 'Very active and shows great coordination during morning yoga sessions.', '2026-07-10 22:38:02.100');
INSERT INTO [parent_milestones] ([id], [student_id], [milestone_name], [category], [status], [completed_date], [teacher_comments], [created_at]) VALUES (118, 15, 'Paints within bounds of shapes', 'Physical', 'In Progress', NULL, 'Grip is firm. Still learning boundaries but shows wonderful creativity.', '2026-07-10 22:38:02.100');
INSERT INTO [parent_milestones] ([id], [student_id], [milestone_name], [category], [status], [completed_date], [teacher_comments], [created_at]) VALUES (119, 15, 'Shares toys voluntarily with peers', 'Emotional', 'Completed', '2026-06-20', 'Friendly behavior. Enthusiastically shares coloring kits during playgroup time.', '2026-07-10 22:38:02.100');
INSERT INTO [parent_milestones] ([id], [student_id], [milestone_name], [category], [status], [completed_date], [teacher_comments], [created_at]) VALUES (120, 15, 'Expresses distress or needs verbally instead of crying', 'Emotional', 'Completed', '2026-07-02', 'Communicates needs clearly to class monitors and teachers.', '2026-07-10 22:38:02.100');
INSERT INTO [parent_milestones] ([id], [student_id], [milestone_name], [category], [status], [completed_date], [teacher_comments], [created_at]) VALUES (121, 16, 'Identifies standard uppercase & lowercase letters', 'Cognitive', 'Completed', '2026-05-12', 'Excellent progress! Quickly recognizes vowels and primary consonants.', '2026-07-10 22:38:02.103');
INSERT INTO [parent_milestones] ([id], [student_id], [milestone_name], [category], [status], [completed_date], [teacher_comments], [created_at]) VALUES (122, 16, 'Counts and maps objects up to 20', 'Cognitive', 'Completed', '2026-06-08', 'Demonstrates good sorting and counting accuracy with play blocks.', '2026-07-10 22:38:02.103');
INSERT INTO [parent_milestones] ([id], [student_id], [milestone_name], [category], [status], [completed_date], [teacher_comments], [created_at]) VALUES (123, 16, 'Solves simple 4-6 piece jigsaw puzzles', 'Cognitive', 'In Progress', NULL, 'Beginning to group colors together. Needs slight encouragement to finish corner pieces.', '2026-07-10 22:38:02.103');
INSERT INTO [parent_milestones] ([id], [student_id], [milestone_name], [category], [status], [completed_date], [teacher_comments], [created_at]) VALUES (124, 16, 'Ties shoelaces independently', 'Physical', 'Not Started', NULL, 'Fine motor skills are developing well. We will practice lace loops next month.', '2026-07-10 22:38:02.103');
INSERT INTO [parent_milestones] ([id], [student_id], [milestone_name], [category], [status], [completed_date], [teacher_comments], [created_at]) VALUES (125, 16, 'Hops on one foot and maintains balance', 'Physical', 'Completed', '2026-06-15', 'Very active and shows great coordination during morning yoga sessions.', '2026-07-10 22:38:02.103');
INSERT INTO [parent_milestones] ([id], [student_id], [milestone_name], [category], [status], [completed_date], [teacher_comments], [created_at]) VALUES (126, 16, 'Paints within bounds of shapes', 'Physical', 'In Progress', NULL, 'Grip is firm. Still learning boundaries but shows wonderful creativity.', '2026-07-10 22:38:02.103');
INSERT INTO [parent_milestones] ([id], [student_id], [milestone_name], [category], [status], [completed_date], [teacher_comments], [created_at]) VALUES (127, 16, 'Shares toys voluntarily with peers', 'Emotional', 'Completed', '2026-06-20', 'Friendly behavior. Enthusiastically shares coloring kits during playgroup time.', '2026-07-10 22:38:02.103');
INSERT INTO [parent_milestones] ([id], [student_id], [milestone_name], [category], [status], [completed_date], [teacher_comments], [created_at]) VALUES (128, 16, 'Expresses distress or needs verbally instead of crying', 'Emotional', 'Completed', '2026-07-02', 'Communicates needs clearly to class monitors and teachers.', '2026-07-10 22:38:02.103');
INSERT INTO [parent_milestones] ([id], [student_id], [milestone_name], [category], [status], [completed_date], [teacher_comments], [created_at]) VALUES (129, 20, 'Identifies standard uppercase & lowercase letters', 'Cognitive', 'Completed', '2026-05-12', 'Excellent progress! Quickly recognizes vowels and primary consonants.', '2026-07-10 22:38:02.107');
INSERT INTO [parent_milestones] ([id], [student_id], [milestone_name], [category], [status], [completed_date], [teacher_comments], [created_at]) VALUES (130, 20, 'Counts and maps objects up to 20', 'Cognitive', 'Completed', '2026-06-08', 'Demonstrates good sorting and counting accuracy with play blocks.', '2026-07-10 22:38:02.107');
INSERT INTO [parent_milestones] ([id], [student_id], [milestone_name], [category], [status], [completed_date], [teacher_comments], [created_at]) VALUES (131, 20, 'Solves simple 4-6 piece jigsaw puzzles', 'Cognitive', 'Completed', '2026-07-10', 'Beginning to group colors together. Needs slight encouragement to finish corner pieces.', '2026-07-10 22:38:02.107');
INSERT INTO [parent_milestones] ([id], [student_id], [milestone_name], [category], [status], [completed_date], [teacher_comments], [created_at]) VALUES (132, 20, 'Ties shoelaces independently', 'Physical', 'Not Started', NULL, 'Fine motor skills are developing well. We will practice lace loops next month.', '2026-07-10 22:38:02.107');
INSERT INTO [parent_milestones] ([id], [student_id], [milestone_name], [category], [status], [completed_date], [teacher_comments], [created_at]) VALUES (133, 20, 'Hops on one foot and maintains balance', 'Physical', 'Completed', '2026-06-15', 'Very active and shows great coordination during morning yoga sessions.', '2026-07-10 22:38:02.107');
INSERT INTO [parent_milestones] ([id], [student_id], [milestone_name], [category], [status], [completed_date], [teacher_comments], [created_at]) VALUES (134, 20, 'Paints within bounds of shapes', 'Physical', 'Completed', '2026-07-10', 'Grip is firm. Still learning boundaries but shows wonderful creativity.', '2026-07-10 22:38:02.107');
INSERT INTO [parent_milestones] ([id], [student_id], [milestone_name], [category], [status], [completed_date], [teacher_comments], [created_at]) VALUES (135, 20, 'Shares toys voluntarily with peers', 'Emotional', 'Completed', '2026-06-20', 'Friendly behavior. Enthusiastically shares coloring kits during playgroup time.', '2026-07-10 22:38:02.107');
INSERT INTO [parent_milestones] ([id], [student_id], [milestone_name], [category], [status], [completed_date], [teacher_comments], [created_at]) VALUES (136, 20, 'Expresses distress or needs verbally instead of crying', 'Emotional', 'Completed', '2026-07-02', 'Communicates needs clearly to class monitors and teachers.', '2026-07-10 22:38:02.107');
INSERT INTO [parent_milestones] ([id], [student_id], [milestone_name], [category], [status], [completed_date], [teacher_comments], [created_at]) VALUES (137, 1, 'Sorts shapes and objects by primary colors', 'Cognitive', 'Not Started', NULL, NULL, '2026-07-11 13:54:51.400');
INSERT INTO [parent_milestones] ([id], [student_id], [milestone_name], [category], [status], [completed_date], [teacher_comments], [created_at]) VALUES (138, 1, 'Identifies at least 3 body parts when named', 'Cognitive', 'Not Started', NULL, NULL, '2026-07-11 13:54:51.400');
INSERT INTO [parent_milestones] ([id], [student_id], [milestone_name], [category], [status], [completed_date], [teacher_comments], [created_at]) VALUES (139, 1, 'Follows simple two-step instructions', 'Cognitive', 'Not Started', NULL, NULL, '2026-07-11 13:54:51.400');
INSERT INTO [parent_milestones] ([id], [student_id], [milestone_name], [category], [status], [completed_date], [teacher_comments], [created_at]) VALUES (140, 1, 'Walks up stairs with assistance', 'Physical', 'Not Started', NULL, NULL, '2026-07-11 13:54:51.400');
INSERT INTO [parent_milestones] ([id], [student_id], [milestone_name], [category], [status], [completed_date], [teacher_comments], [created_at]) VALUES (141, 1, 'Scribbles freely with jumbo crayons', 'Physical', 'Not Started', NULL, NULL, '2026-07-11 13:54:51.400');
INSERT INTO [parent_milestones] ([id], [student_id], [milestone_name], [category], [status], [completed_date], [teacher_comments], [created_at]) VALUES (142, 1, 'Stacks a tower of 4-6 blocks', 'Physical', 'Not Started', NULL, NULL, '2026-07-11 13:54:51.400');
INSERT INTO [parent_milestones] ([id], [student_id], [milestone_name], [category], [status], [completed_date], [teacher_comments], [created_at]) VALUES (143, 1, 'Shows affection for classmates and teachers', 'Emotional', 'Not Started', NULL, NULL, '2026-07-11 13:54:51.400');
INSERT INTO [parent_milestones] ([id], [student_id], [milestone_name], [category], [status], [completed_date], [teacher_comments], [created_at]) VALUES (144, 1, 'Plays alongside other children (parallel play)', 'Emotional', 'Not Started', NULL, NULL, '2026-07-11 13:54:51.400');
INSERT INTO [parent_milestones] ([id], [student_id], [milestone_name], [category], [status], [completed_date], [teacher_comments], [created_at]) VALUES (145, 1, 'Expresses anger or happiness verbally', 'Emotional', 'Not Started', NULL, NULL, '2026-07-11 13:54:51.400');
INSERT INTO [parent_milestones] ([id], [student_id], [milestone_name], [category], [status], [completed_date], [teacher_comments], [created_at]) VALUES (146, 1, 'xyz', 'Cognitive', 'Not Started', NULL, NULL, '2026-07-11 13:54:51.400');
INSERT INTO [parent_milestones] ([id], [student_id], [milestone_name], [category], [status], [completed_date], [teacher_comments], [created_at]) VALUES (147, 1, 'Testing the fundamental growth of a kid', 'Test Fundamentals', 'Not Started', NULL, NULL, '2026-07-11 16:58:46.210');
INSERT INTO [parent_milestones] ([id], [student_id], [milestone_name], [category], [status], [completed_date], [teacher_comments], [created_at]) VALUES (148, 20, 'Sorts shapes and objects by primary colors', 'Cognitive', 'Not Started', NULL, NULL, '2026-07-11 16:58:57.840');
INSERT INTO [parent_milestones] ([id], [student_id], [milestone_name], [category], [status], [completed_date], [teacher_comments], [created_at]) VALUES (149, 20, 'Identifies at least 3 body parts when named', 'Cognitive', 'Not Started', NULL, NULL, '2026-07-11 16:58:57.840');
INSERT INTO [parent_milestones] ([id], [student_id], [milestone_name], [category], [status], [completed_date], [teacher_comments], [created_at]) VALUES (150, 20, 'Follows simple two-step instructions', 'Cognitive', 'Not Started', NULL, NULL, '2026-07-11 16:58:57.840');
INSERT INTO [parent_milestones] ([id], [student_id], [milestone_name], [category], [status], [completed_date], [teacher_comments], [created_at]) VALUES (151, 20, 'Walks up stairs with assistance', 'Physical', 'Not Started', NULL, NULL, '2026-07-11 16:58:57.840');
INSERT INTO [parent_milestones] ([id], [student_id], [milestone_name], [category], [status], [completed_date], [teacher_comments], [created_at]) VALUES (152, 20, 'Scribbles freely with jumbo crayons', 'Physical', 'Not Started', NULL, NULL, '2026-07-11 16:58:57.840');
INSERT INTO [parent_milestones] ([id], [student_id], [milestone_name], [category], [status], [completed_date], [teacher_comments], [created_at]) VALUES (153, 20, 'Stacks a tower of 4-6 blocks', 'Physical', 'Not Started', NULL, NULL, '2026-07-11 16:58:57.840');
INSERT INTO [parent_milestones] ([id], [student_id], [milestone_name], [category], [status], [completed_date], [teacher_comments], [created_at]) VALUES (154, 20, 'Shows affection for classmates and teachers', 'Emotional', 'Not Started', NULL, NULL, '2026-07-11 16:58:57.840');
INSERT INTO [parent_milestones] ([id], [student_id], [milestone_name], [category], [status], [completed_date], [teacher_comments], [created_at]) VALUES (155, 20, 'Plays alongside other children (parallel play)', 'Emotional', 'Not Started', NULL, NULL, '2026-07-11 16:58:57.840');
INSERT INTO [parent_milestones] ([id], [student_id], [milestone_name], [category], [status], [completed_date], [teacher_comments], [created_at]) VALUES (156, 20, 'Expresses anger or happiness verbally', 'Emotional', 'Not Started', NULL, NULL, '2026-07-11 16:58:57.840');
INSERT INTO [parent_milestones] ([id], [student_id], [milestone_name], [category], [status], [completed_date], [teacher_comments], [created_at]) VALUES (157, 20, 'xyz', 'Cognitive', 'Not Started', NULL, NULL, '2026-07-11 16:58:57.840');
INSERT INTO [parent_milestones] ([id], [student_id], [milestone_name], [category], [status], [completed_date], [teacher_comments], [created_at]) VALUES (158, 20, 'Testing the fundamental growth of a kid', 'Test Fundamentals', 'Not Started', NULL, NULL, '2026-07-11 16:58:57.840');
INSERT INTO [parent_milestones] ([id], [student_id], [milestone_name], [category], [status], [completed_date], [teacher_comments], [created_at]) VALUES (159, 1, 'Testing One', 'Test Fundamentals', 'Not Started', NULL, NULL, '2026-07-11 17:01:07.667');
INSERT INTO [parent_milestones] ([id], [student_id], [milestone_name], [category], [status], [completed_date], [teacher_comments], [created_at]) VALUES (160, 10, 'Identifies uppercase letters A-Z', 'Cognitive', 'Not Started', NULL, NULL, '2026-07-11 17:01:30.867');
INSERT INTO [parent_milestones] ([id], [student_id], [milestone_name], [category], [status], [completed_date], [teacher_comments], [created_at]) VALUES (161, 10, 'Counts objects up to 20 accurately', 'Cognitive', 'Not Started', NULL, NULL, '2026-07-11 17:01:30.867');
INSERT INTO [parent_milestones] ([id], [student_id], [milestone_name], [category], [status], [completed_date], [teacher_comments], [created_at]) VALUES (162, 10, 'Solves simple 4-6 piece puzzles', 'Cognitive', 'Not Started', NULL, NULL, '2026-07-11 17:01:30.867');
INSERT INTO [parent_milestones] ([id], [student_id], [milestone_name], [category], [status], [completed_date], [teacher_comments], [created_at]) VALUES (163, 10, 'Hops on one foot and balances', 'Physical', 'Not Started', NULL, NULL, '2026-07-11 17:01:30.867');
INSERT INTO [parent_milestones] ([id], [student_id], [milestone_name], [category], [status], [completed_date], [teacher_comments], [created_at]) VALUES (164, 10, 'Paints within outline borders', 'Physical', 'Not Started', NULL, NULL, '2026-07-11 17:01:30.867');
INSERT INTO [parent_milestones] ([id], [student_id], [milestone_name], [category], [status], [completed_date], [teacher_comments], [created_at]) VALUES (165, 10, 'Uses child-safe scissors to snip paper', 'Physical', 'Not Started', NULL, NULL, '2026-07-11 17:01:30.867');
INSERT INTO [parent_milestones] ([id], [student_id], [milestone_name], [category], [status], [completed_date], [teacher_comments], [created_at]) VALUES (166, 10, 'Adapts to classroom routine transitions easily', 'Emotional', 'Not Started', NULL, NULL, '2026-07-11 17:01:30.867');
INSERT INTO [parent_milestones] ([id], [student_id], [milestone_name], [category], [status], [completed_date], [teacher_comments], [created_at]) VALUES (167, 10, 'Expresses emotions verbally instead of crying', 'Emotional', 'Not Started', NULL, NULL, '2026-07-11 17:01:30.867');

SET IDENTITY_INSERT [parent_milestones] OFF;

-- ----------------------------------------------------------
-- Data for table: users
-- ----------------------------------------------------------
SET IDENTITY_INSERT [users] ON;

INSERT INTO [users] ([id], [email], [hashed_password], [full_name], [role], [is_active], [created_at], [two_factor_secret], [two_factor_enabled], [student_id]) VALUES (1, 'admin@school.com', '$2b$12$HbJobprGIg81/aovwPWGIeZcBdmGkDsNmP4IUPniPQXwQFQ40RB6S', 'School Administrator', 'ADMIN', 1, '2026-07-06 07:57:40.960', NULL, 0, NULL);
INSERT INTO [users] ([id], [email], [hashed_password], [full_name], [role], [is_active], [created_at], [two_factor_secret], [two_factor_enabled], [student_id]) VALUES (2, 'eeee@gmail.com', '$2b$12$EDdsSzZcFPYLyWAXXsyCt.1HcGDDbaBK8oZEj/tR.MDd2RyQlq0Be', 'aaa', 'PARENT', 1, '2026-07-10 16:40:21.847', NULL, 0, 20);
INSERT INTO [users] ([id], [email], [hashed_password], [full_name], [role], [is_active], [created_at], [two_factor_secret], [two_factor_enabled], [student_id]) VALUES (3, 'teacher@school.com', '$2b$12$8D8uAfI1KrUXC6vASg9.JePSknZB2jkwbwJ.RCaqWCN5WrZPcs5k2', 'Class Teacher', 'TEACHER', 1, '2026-07-11 05:04:04.590', NULL, 0, NULL);

SET IDENTITY_INSERT [users] OFF;

-- ----------------------------------------------------------
-- Data for table: refresh_tokens
-- ----------------------------------------------------------
SET IDENTITY_INSERT [refresh_tokens] ON;

INSERT INTO [refresh_tokens] ([id], [token], [user_id], [expires_at], [is_revoked], [created_at]) VALUES (1, 'eyJhbGciOiJIUzI1NiIsInR5cCI6IkpXVCJ9.eyJleHAiOjE3ODM5NDM3NjQsInN1YiI6ImFkbWluQHNjaG9vbC5jb20iLCJ0eXBlIjoicmVmcmVzaCJ9.mRpbCpDfc4vmX0GRj6Xvjdr0YonEtnzG0EjhLE4Vcc4', 1, '2026-07-13 11:56:04.473', 1, '2026-07-06 11:56:04.477');
INSERT INTO [refresh_tokens] ([id], [token], [user_id], [expires_at], [is_revoked], [created_at]) VALUES (2, 'eyJhbGciOiJIUzI1NiIsInR5cCI6IkpXVCJ9.eyJleHAiOjE3ODM5NDQ4MDYsInN1YiI6ImFkbWluQHNjaG9vbC5jb20iLCJ0eXBlIjoicmVmcmVzaCJ9.zAoeNn8xoGkAT6VZZqMcXvMq25mQ_AETRC7fmInPlQ8', 1, '2026-07-13 12:13:26.043', 1, '2026-07-06 12:13:26.047');
INSERT INTO [refresh_tokens] ([id], [token], [user_id], [expires_at], [is_revoked], [created_at]) VALUES (3, 'eyJhbGciOiJIUzI1NiIsInR5cCI6IkpXVCJ9.eyJleHAiOjE3ODQwMzQwMzMsInN1YiI6ImFkbWluQHNjaG9vbC5jb20iLCJ0eXBlIjoicmVmcmVzaCJ9.k4gOycRWNJnq43ICmz57bfVNUaGiT9KEUN3Dq_YLJ-U', 1, '2026-07-14 13:00:33.500', 1, '2026-07-07 13:00:33.500');
INSERT INTO [refresh_tokens] ([id], [token], [user_id], [expires_at], [is_revoked], [created_at]) VALUES (4, 'eyJhbGciOiJIUzI1NiIsInR5cCI6IkpXVCJ9.eyJleHAiOjE3ODQwMzQ2OTYsInN1YiI6ImFkbWluQHNjaG9vbC5jb20iLCJ0eXBlIjoicmVmcmVzaCJ9.5OW4XGeECrW2UDQBNBmQjst4fr4496IhDBAqVVfXrJc', 1, '2026-07-14 13:11:36.627', 0, '2026-07-07 13:11:36.627');
INSERT INTO [refresh_tokens] ([id], [token], [user_id], [expires_at], [is_revoked], [created_at]) VALUES (5, 'eyJhbGciOiJIUzI1NiIsInR5cCI6IkpXVCJ9.eyJleHAiOjE3ODQwMzUyODEsInN1YiI6ImFkbWluQHNjaG9vbC5jb20iLCJ0eXBlIjoicmVmcmVzaCJ9.7TvqI9RVmTxrKZlWjs7WwwdBsQptzLFFSTNAjI11gzo', 1, '2026-07-14 13:21:21.223', 1, '2026-07-07 13:21:21.227');
INSERT INTO [refresh_tokens] ([id], [token], [user_id], [expires_at], [is_revoked], [created_at]) VALUES (6, 'eyJhbGciOiJIUzI1NiIsInR5cCI6IkpXVCJ9.eyJleHAiOjE3ODQwMzY0NDMsInN1YiI6ImFkbWluQHNjaG9vbC5jb20iLCJ0eXBlIjoicmVmcmVzaCJ9.AkoQnRZvgXzoWdv8cs05KdXMlWKVDgJEUNUdUmC2W_E', 1, '2026-07-14 13:40:43.277', 1, '2026-07-07 13:40:43.280');
INSERT INTO [refresh_tokens] ([id], [token], [user_id], [expires_at], [is_revoked], [created_at]) VALUES (7, 'eyJhbGciOiJIUzI1NiIsInR5cCI6IkpXVCJ9.eyJleHAiOjE3ODQwMzczNDYsInN1YiI6ImFkbWluQHNjaG9vbC5jb20iLCJ0eXBlIjoicmVmcmVzaCJ9.r0yUYpGlEh8ewDXtCVTdlvYApmhYDdJWvBRpvXKfmXM', 1, '2026-07-14 13:55:46.617', 1, '2026-07-07 13:55:46.620');
INSERT INTO [refresh_tokens] ([id], [token], [user_id], [expires_at], [is_revoked], [created_at]) VALUES (8, 'eyJhbGciOiJIUzI1NiIsInR5cCI6IkpXVCJ9.eyJleHAiOjE3ODQwNDMwMjQsInN1YiI6ImFkbWluQHNjaG9vbC5jb20iLCJ0eXBlIjoicmVmcmVzaCJ9.m5i4xoNDX8FDVzUemk-q96uy-mcirwEw7991g2Aqn4k', 1, '2026-07-14 15:30:24.137', 1, '2026-07-07 15:30:24.143');
INSERT INTO [refresh_tokens] ([id], [token], [user_id], [expires_at], [is_revoked], [created_at]) VALUES (9, 'eyJhbGciOiJIUzI1NiIsInR5cCI6IkpXVCJ9.eyJleHAiOjE3ODQyMTc0MDUsInN1YiI6ImFkbWluQHNjaG9vbC5jb20iLCJ0eXBlIjoicmVmcmVzaCJ9.owQKnFLRAxb41bB-KOnw2C3Vvsdm0CmcJdq52tz2ypM', 1, '2026-07-16 15:56:45.597', 1, '2026-07-09 15:56:45.600');
INSERT INTO [refresh_tokens] ([id], [token], [user_id], [expires_at], [is_revoked], [created_at]) VALUES (10, 'eyJhbGciOiJIUzI1NiIsInR5cCI6IkpXVCJ9.eyJleHAiOjE3ODQyMTkzNjUsInN1YiI6ImFkbWluQHNjaG9vbC5jb20iLCJ0eXBlIjoicmVmcmVzaCJ9.14g_88F_1k_UzZFuxqfsptfQMLhbxqEjPNXwzE_-Mgk', 1, '2026-07-16 16:29:25.343', 1, '2026-07-09 16:29:25.347');
INSERT INTO [refresh_tokens] ([id], [token], [user_id], [expires_at], [is_revoked], [created_at]) VALUES (11, 'eyJhbGciOiJIUzI1NiIsInR5cCI6IkpXVCJ9.eyJleHAiOjE3ODQyMjEzMjcsInN1YiI6ImFkbWluQHNjaG9vbC5jb20iLCJ0eXBlIjoicmVmcmVzaCJ9.eYnhXWROtjyL68XRHh_ybv3jcaHqbZOXhxveMnn2H_k', 1, '2026-07-16 17:02:07.660', 1, '2026-07-09 17:02:07.663');
INSERT INTO [refresh_tokens] ([id], [token], [user_id], [expires_at], [is_revoked], [created_at]) VALUES (12, 'eyJhbGciOiJIUzI1NiIsInR5cCI6IkpXVCJ9.eyJleHAiOjE3ODQyMjI2NzMsInN1YiI6ImFkbWluQHNjaG9vbC5jb20iLCJ0eXBlIjoicmVmcmVzaCJ9.x12X5CSRfJE_jb8OztppKD5Szuq_-dJqIPQoutGKfl8', 1, '2026-07-16 17:24:33.873', 1, '2026-07-09 17:24:33.873');
INSERT INTO [refresh_tokens] ([id], [token], [user_id], [expires_at], [is_revoked], [created_at]) VALUES (13, 'eyJhbGciOiJIUzI1NiIsInR5cCI6IkpXVCJ9.eyJleHAiOjE3ODQyMzAwMjQsInN1YiI6ImFkbWluQHNjaG9vbC5jb20iLCJ0eXBlIjoicmVmcmVzaCJ9.oUS8soLouiIR7KclSedRf0uLQZSURrGJk3XHgQrYSmM', 1, '2026-07-16 19:27:04.990', 1, '2026-07-09 19:27:04.997');
INSERT INTO [refresh_tokens] ([id], [token], [user_id], [expires_at], [is_revoked], [created_at]) VALUES (14, 'eyJhbGciOiJIUzI1NiIsInR5cCI6IkpXVCJ9.eyJleHAiOjE3ODQyMzEzMDcsInN1YiI6ImFkbWluQHNjaG9vbC5jb20iLCJ0eXBlIjoicmVmcmVzaCJ9.Bvc-WHGh6f4rneQ6cELDq0YnSVO1YO1s8mPpN9rDt3k', 1, '2026-07-16 19:48:27.743', 1, '2026-07-09 19:48:27.747');
INSERT INTO [refresh_tokens] ([id], [token], [user_id], [expires_at], [is_revoked], [created_at]) VALUES (15, 'eyJhbGciOiJIUzI1NiIsInR5cCI6IkpXVCJ9.eyJleHAiOjE3ODQyMzIyMjksInN1YiI6ImFkbWluQHNjaG9vbC5jb20iLCJ0eXBlIjoicmVmcmVzaCJ9.nXw35O98NpP0IdcCjOgAE97YnUFC-O0vwNziif97Wzc', 1, '2026-07-16 20:03:49.813', 1, '2026-07-09 20:03:49.817');
INSERT INTO [refresh_tokens] ([id], [token], [user_id], [expires_at], [is_revoked], [created_at]) VALUES (16, 'eyJhbGciOiJIUzI1NiIsInR5cCI6IkpXVCJ9.eyJleHAiOjE3ODQyMzQwMjAsInN1YiI6ImFkbWluQHNjaG9vbC5jb20iLCJ0eXBlIjoicmVmcmVzaCJ9._0-lOkW5UHVDN5KipFZdO2JNSINw0E1lepj3syu4Gnk', 1, '2026-07-16 20:33:40.863', 0, '2026-07-09 20:33:40.867');
INSERT INTO [refresh_tokens] ([id], [token], [user_id], [expires_at], [is_revoked], [created_at]) VALUES (17, 'eyJhbGciOiJIUzI1NiIsInR5cCI6IkpXVCJ9.eyJleHAiOjE3ODQyMzQwNjUsInN1YiI6ImFkbWluQHNjaG9vbC5jb20iLCJ0eXBlIjoicmVmcmVzaCJ9.SxRjtaNb8BSYZQN03K9FZvXLIhwrCrhWG0FQek-7Ang', 1, '2026-07-16 20:34:25.317', 0, '2026-07-09 20:34:25.320');
INSERT INTO [refresh_tokens] ([id], [token], [user_id], [expires_at], [is_revoked], [created_at]) VALUES (18, 'eyJhbGciOiJIUzI1NiIsInR5cCI6IkpXVCJ9.eyJleHAiOjE3ODQyNTcwNTEsInN1YiI6ImFkbWluQHNjaG9vbC5jb20iLCJ0eXBlIjoicmVmcmVzaCJ9.ZlCknlgp_Xd17JmeJV8DcvhL1LvJj7LgaXH9JJQW3Dw', 1, '2026-07-17 02:57:31.500', 1, '2026-07-10 02:57:31.507');
INSERT INTO [refresh_tokens] ([id], [token], [user_id], [expires_at], [is_revoked], [created_at]) VALUES (19, 'eyJhbGciOiJIUzI1NiIsInR5cCI6IkpXVCJ9.eyJleHAiOjE3ODQyNTc2MjIsInN1YiI6ImFkbWluQHNjaG9vbC5jb20iLCJ0eXBlIjoicmVmcmVzaCJ9.xB6SfP3NKm8t5j7_CxgwsR7u5q2T_oe7SoojXQ_7GPc', 1, '2026-07-17 03:07:02.843', 1, '2026-07-10 03:07:02.843');
INSERT INTO [refresh_tokens] ([id], [token], [user_id], [expires_at], [is_revoked], [created_at]) VALUES (20, 'eyJhbGciOiJIUzI1NiIsInR5cCI6IkpXVCJ9.eyJleHAiOjE3ODQyNTg2NTUsInN1YiI6ImFkbWluQHNjaG9vbC5jb20iLCJ0eXBlIjoicmVmcmVzaCJ9.-SC-CI2A5NLgCk29bwp38XDwQ-dVrEsru58OePEsMMo', 1, '2026-07-17 03:24:15.197', 1, '2026-07-10 03:24:15.197');
INSERT INTO [refresh_tokens] ([id], [token], [user_id], [expires_at], [is_revoked], [created_at]) VALUES (21, 'eyJhbGciOiJIUzI1NiIsInR5cCI6IkpXVCJ9.eyJleHAiOjE3ODQyNTk5MjgsInN1YiI6ImFkbWluQHNjaG9vbC5jb20iLCJ0eXBlIjoicmVmcmVzaCJ9.Ut0vaZJvMZkrGx5xLhh4qm-3oWbNIHm5qodoK6GwwOQ', 1, '2026-07-17 03:45:28.387', 1, '2026-07-10 03:45:28.387');
INSERT INTO [refresh_tokens] ([id], [token], [user_id], [expires_at], [is_revoked], [created_at]) VALUES (22, 'eyJhbGciOiJIUzI1NiIsInR5cCI6IkpXVCJ9.eyJleHAiOjE3ODQzMDE3NjMsInN1YiI6ImFkbWluQHNjaG9vbC5jb20iLCJ0eXBlIjoicmVmcmVzaCJ9.6vnbfiNXa5cfz-wPzzPPNpmEdvNcsNe5psrdSPpQADA', 1, '2026-07-17 15:22:43.683', 1, '2026-07-10 15:22:43.687');
INSERT INTO [refresh_tokens] ([id], [token], [user_id], [expires_at], [is_revoked], [created_at]) VALUES (23, 'eyJhbGciOiJIUzI1NiIsInR5cCI6IkpXVCJ9.eyJleHAiOjE3ODQzMDI2NTEsInN1YiI6ImFkbWluQHNjaG9vbC5jb20iLCJ0eXBlIjoicmVmcmVzaCJ9.ycPb5LhQctDrbx4iu3LU9h1WEQiqKUAQALc-C6J92Wk', 1, '2026-07-17 15:37:31.817', 1, '2026-07-10 15:37:31.817');
INSERT INTO [refresh_tokens] ([id], [token], [user_id], [expires_at], [is_revoked], [created_at]) VALUES (24, 'eyJhbGciOiJIUzI1NiIsInR5cCI6IkpXVCJ9.eyJleHAiOjE3ODQzMDYxMjEsInN1YiI6ImFkbWluQHNjaG9vbC5jb20iLCJ0eXBlIjoicmVmcmVzaCJ9.cKWYkaUJp-epbjfgJPCgyt0Wy7mrWE7s9yKUNzYE6kw', 1, '2026-07-17 16:35:21.653', 1, '2026-07-10 16:35:21.653');
INSERT INTO [refresh_tokens] ([id], [token], [user_id], [expires_at], [is_revoked], [created_at]) VALUES (25, 'eyJhbGciOiJIUzI1NiIsInR5cCI6IkpXVCJ9.eyJleHAiOjE3ODQzMDY1NDYsInN1YiI6ImVlZWVAZ21haWwuY29tIiwidHlwZSI6InJlZnJlc2gifQ.NmWIqFBd2ysI2NXyboA3qrS-0Kb5dp7ITxBVMp3IuaQ', 2, '2026-07-17 16:42:26.310', 1, '2026-07-10 16:42:26.310');
INSERT INTO [refresh_tokens] ([id], [token], [user_id], [expires_at], [is_revoked], [created_at]) VALUES (26, 'eyJhbGciOiJIUzI1NiIsInR5cCI6IkpXVCJ9.eyJleHAiOjE3ODQzMDgzNDksInN1YiI6ImVlZWVAZ21haWwuY29tIiwidHlwZSI6InJlZnJlc2gifQ.OTVGSwJOzMCB-JEvjf8P2eEpraRDl5uEAHuoEruYaAs', 2, '2026-07-17 17:12:29.803', 1, '2026-07-10 17:12:29.807');
INSERT INTO [refresh_tokens] ([id], [token], [user_id], [expires_at], [is_revoked], [created_at]) VALUES (27, 'eyJhbGciOiJIUzI1NiIsInR5cCI6IkpXVCJ9.eyJleHAiOjE3ODQzMDkzMTIsInN1YiI6ImVlZWVAZ21haWwuY29tIiwidHlwZSI6InJlZnJlc2gifQ.nj6N67DI3bj4yf284TJtheRU1gZrYGPN8Rf_v70_P2Q', 2, '2026-07-17 17:28:32.130', 1, '2026-07-10 17:28:32.133');
INSERT INTO [refresh_tokens] ([id], [token], [user_id], [expires_at], [is_revoked], [created_at]) VALUES (28, 'eyJhbGciOiJIUzI1NiIsInR5cCI6IkpXVCJ9.eyJleHAiOjE3ODQzMTAyMzUsInN1YiI6ImVlZWVAZ21haWwuY29tIiwidHlwZSI6InJlZnJlc2gifQ.aRC4ZmJFYEZJlxl56LBBMuUm8xGIzd6trF3AstbMvv8', 2, '2026-07-17 17:43:55.490', 1, '2026-07-10 17:43:55.497');
INSERT INTO [refresh_tokens] ([id], [token], [user_id], [expires_at], [is_revoked], [created_at]) VALUES (29, 'eyJhbGciOiJIUzI1NiIsInR5cCI6IkpXVCJ9.eyJleHAiOjE3ODQzMTA2NDQsInN1YiI6ImFkbWluQHNjaG9vbC5jb20iLCJ0eXBlIjoicmVmcmVzaCJ9.94Wz9zw2xdWoHn4YQHmfdrgWToIw1w6nLIk4wGbHflM', 1, '2026-07-17 17:50:44.240', 1, '2026-07-10 17:50:44.240');
INSERT INTO [refresh_tokens] ([id], [token], [user_id], [expires_at], [is_revoked], [created_at]) VALUES (30, 'eyJhbGciOiJIUzI1NiIsInR5cCI6IkpXVCJ9.eyJleHAiOjE3ODQzMTE1OTksInN1YiI6ImFkbWluQHNjaG9vbC5jb20iLCJ0eXBlIjoicmVmcmVzaCJ9.SIIjCGT-xQgKFCv8ObWsxc3T9rziKpxgkgk8qasYGfA', 1, '2026-07-17 18:06:39.050', 1, '2026-07-10 18:06:39.053');
INSERT INTO [refresh_tokens] ([id], [token], [user_id], [expires_at], [is_revoked], [created_at]) VALUES (32, 'eyJhbGciOiJIUzI1NiIsInR5cCI6IkpXVCJ9.eyJleHAiOjE3ODQzMTE3NTcsInN1YiI6ImFkbWluQHNjaG9vbC5jb20iLCJ0eXBlIjoicmVmcmVzaCJ9.WSjNaajailFWxWhRwBmHRkJSpsT-CD8EhfI7E3p2-1c', 1, '2026-07-17 18:09:17.200', 1, '2026-07-10 18:09:17.200');
INSERT INTO [refresh_tokens] ([id], [token], [user_id], [expires_at], [is_revoked], [created_at]) VALUES (33, 'eyJhbGciOiJIUzI1NiIsInR5cCI6IkpXVCJ9.eyJleHAiOjE3ODQzMTIzODMsInN1YiI6ImFkbWluQHNjaG9vbC5jb20iLCJ0eXBlIjoicmVmcmVzaCJ9.ScHhzMpXc0Tb6OAqS1K8gi9QobqPAc5eCEYNaLW5zq8', 1, '2026-07-17 18:19:43.653', 1, '2026-07-10 18:19:43.653');
INSERT INTO [refresh_tokens] ([id], [token], [user_id], [expires_at], [is_revoked], [created_at]) VALUES (34, 'eyJhbGciOiJIUzI1NiIsInR5cCI6IkpXVCJ9.eyJleHAiOjE3ODQzODI3NzIsInN1YiI6ImFkbWluQHNjaG9vbC5jb20iLCJ0eXBlIjoicmVmcmVzaCJ9.ulPS8paCXThMv6t6t-_snTD6NiJGfSJ8guWjZ8kPi5o', 1, '2026-07-18 13:52:52.863', 1, '2026-07-11 13:52:52.870');
INSERT INTO [refresh_tokens] ([id], [token], [user_id], [expires_at], [is_revoked], [created_at]) VALUES (35, 'eyJhbGciOiJIUzI1NiIsInR5cCI6IkpXVCJ9.eyJleHAiOjE3ODQzODI4MTIsInN1YiI6InRlYWNoZXJAc2Nob29sLmNvbSIsInR5cGUiOiJyZWZyZXNoIn0.yz2Zek9bOP9ozhCaujFBG87b_LDnuBiPGIpYwyA4Ly0', 3, '2026-07-18 13:53:32.523', 1, '2026-07-11 13:53:32.527');
INSERT INTO [refresh_tokens] ([id], [token], [user_id], [expires_at], [is_revoked], [created_at]) VALUES (36, 'eyJhbGciOiJIUzI1NiIsInR5cCI6IkpXVCJ9.eyJleHAiOjE3ODQzODM3MTksInN1YiI6InRlYWNoZXJAc2Nob29sLmNvbSIsInR5cGUiOiJyZWZyZXNoIn0.Qnnn8HtisI24dMWiJQU9dnEseD0oJ9cQZUqxQsVxMMg', 3, '2026-07-18 14:08:39.907', 1, '2026-07-11 14:08:39.913');
INSERT INTO [refresh_tokens] ([id], [token], [user_id], [expires_at], [is_revoked], [created_at]) VALUES (37, 'eyJhbGciOiJIUzI1NiIsInR5cCI6IkpXVCJ9.eyJleHAiOjE3ODQzODM3ODksInN1YiI6InRlYWNoZXJAc2Nob29sLmNvbSIsInR5cGUiOiJyZWZyZXNoIn0.Rg6HqaQit2DDZZOVxH_B4sXOpX30EUGYXzDVSOpncgs', 3, '2026-07-18 14:09:49.577', 1, '2026-07-11 14:09:49.580');
INSERT INTO [refresh_tokens] ([id], [token], [user_id], [expires_at], [is_revoked], [created_at]) VALUES (38, 'eyJhbGciOiJIUzI1NiIsInR5cCI6IkpXVCJ9.eyJleHAiOjE3ODQzODQ0NjMsInN1YiI6ImVlZWVAZ21haWwuY29tIiwidHlwZSI6InJlZnJlc2gifQ.fdpYHmPMi2_aSZqtlA5JPHUgaVuUbQq42yIyxr9vPjM', 2, '2026-07-18 14:21:03.183', 1, '2026-07-11 14:21:03.183');
INSERT INTO [refresh_tokens] ([id], [token], [user_id], [expires_at], [is_revoked], [created_at]) VALUES (39, 'eyJhbGciOiJIUzI1NiIsInR5cCI6IkpXVCJ9.eyJleHAiOjE3ODQzODUwOTIsInN1YiI6InRlYWNoZXJAc2Nob29sLmNvbSIsInR5cGUiOiJyZWZyZXNoIn0.7V0vOtU3OyyMPMIAvEOcIR2eEk1EMZrPju1B45Rmnxk', 3, '2026-07-18 14:31:32.267', 1, '2026-07-11 14:31:32.270');
INSERT INTO [refresh_tokens] ([id], [token], [user_id], [expires_at], [is_revoked], [created_at]) VALUES (40, 'eyJhbGciOiJIUzI1NiIsInR5cCI6IkpXVCJ9.eyJleHAiOjE3ODQzODUxMzMsInN1YiI6ImFkbWluQHNjaG9vbC5jb20iLCJ0eXBlIjoicmVmcmVzaCJ9.Pxc1tXF7QnrIxL6lv3PBCecH9YoITI6b4Dq1mK97MKs', 1, '2026-07-18 14:32:13.273', 1, '2026-07-11 14:32:13.273');
INSERT INTO [refresh_tokens] ([id], [token], [user_id], [expires_at], [is_revoked], [created_at]) VALUES (41, 'eyJhbGciOiJIUzI1NiIsInR5cCI6IkpXVCJ9.eyJleHAiOjE3ODQzODYwMzUsInN1YiI6ImVlZWVAZ21haWwuY29tIiwidHlwZSI6InJlZnJlc2gifQ.v8j67WX2TZoM-a1pBQD-97pdvny1fEj0RGuMN3l_h90', 2, '2026-07-18 14:47:15.077', 1, '2026-07-11 14:47:15.077');
INSERT INTO [refresh_tokens] ([id], [token], [user_id], [expires_at], [is_revoked], [created_at]) VALUES (42, 'eyJhbGciOiJIUzI1NiIsInR5cCI6IkpXVCJ9.eyJleHAiOjE3ODQzODYwOTcsInN1YiI6ImFkbWluQHNjaG9vbC5jb20iLCJ0eXBlIjoicmVmcmVzaCJ9.e_fReW2civqDfr_Pwg22DTbPG8KI5Ocoe3nmpDeQFAA', 1, '2026-07-18 14:48:17.500', 1, '2026-07-11 14:48:17.500');
INSERT INTO [refresh_tokens] ([id], [token], [user_id], [expires_at], [is_revoked], [created_at]) VALUES (43, 'eyJhbGciOiJIUzI1NiIsInR5cCI6IkpXVCJ9.eyJleHAiOjE3ODQzODYxNDYsInN1YiI6ImVlZWVAZ21haWwuY29tIiwidHlwZSI6InJlZnJlc2gifQ.I-zv32H8phfXe57rEcZ8vpk_gmZ1kflR_7rbdcebesc', 2, '2026-07-18 14:49:06.343', 1, '2026-07-11 14:49:06.343');
INSERT INTO [refresh_tokens] ([id], [token], [user_id], [expires_at], [is_revoked], [created_at]) VALUES (44, 'eyJhbGciOiJIUzI1NiIsInR5cCI6IkpXVCJ9.eyJleHAiOjE3ODQzOTI1MDAsInN1YiI6ImVlZWVAZ21haWwuY29tIiwidHlwZSI6InJlZnJlc2gifQ.bJhiF2n3HesEunFGp0RqtR_S0Ab2ftH2A2cPw5gfFLc', 2, '2026-07-18 16:35:00.963', 1, '2026-07-11 16:35:00.963');
INSERT INTO [refresh_tokens] ([id], [token], [user_id], [expires_at], [is_revoked], [created_at]) VALUES (45, 'eyJhbGciOiJIUzI1NiIsInR5cCI6IkpXVCJ9.eyJleHAiOjE3ODQzOTI1OTUsInN1YiI6ImFkbWluQHNjaG9vbC5jb20iLCJ0eXBlIjoicmVmcmVzaCJ9.auzrIYPeQllOwpcELpQCfPpPsJm6O-MnBRl1NQuQscg', 1, '2026-07-18 16:36:35.170', 1, '2026-07-11 16:36:35.170');
INSERT INTO [refresh_tokens] ([id], [token], [user_id], [expires_at], [is_revoked], [created_at]) VALUES (46, 'eyJhbGciOiJIUzI1NiIsInR5cCI6IkpXVCJ9.eyJleHAiOjE3ODQzOTM0MTcsInN1YiI6ImFkbWluQHNjaG9vbC5jb20iLCJ0eXBlIjoicmVmcmVzaCJ9.KJoJsrRpIYL7PRvd6iGnJQRzejzmo0EMnYQVoKCLcZM', 1, '2026-07-18 16:50:17.710', 1, '2026-07-11 16:50:17.710');
INSERT INTO [refresh_tokens] ([id], [token], [user_id], [expires_at], [is_revoked], [created_at]) VALUES (47, 'eyJhbGciOiJIUzI1NiIsInR5cCI6IkpXVCJ9.eyJleHAiOjE3ODQzOTM4NTQsInN1YiI6ImFkbWluQHNjaG9vbC5jb20iLCJ0eXBlIjoicmVmcmVzaCJ9.Q5IIMebsZjRrKSPpDNOYI3KFt0FLq36mHa59BArxZno', 1, '2026-07-18 16:57:34.343', 1, '2026-07-11 16:57:34.343');
INSERT INTO [refresh_tokens] ([id], [token], [user_id], [expires_at], [is_revoked], [created_at]) VALUES (48, 'eyJhbGciOiJIUzI1NiIsInR5cCI6IkpXVCJ9.eyJleHAiOjE3ODQ0NDY4NDcsInN1YiI6ImFkbWluQHNjaG9vbC5jb20iLCJ0eXBlIjoicmVmcmVzaCJ9.QLcGQyXvclsc3JSR08kYeT1a9StB1B4_DHWxSPAwkhY', 1, '2026-07-19 07:40:47.193', 1, '2026-07-12 07:40:47.200');
INSERT INTO [refresh_tokens] ([id], [token], [user_id], [expires_at], [is_revoked], [created_at]) VALUES (49, 'eyJhbGciOiJIUzI1NiIsInR5cCI6IkpXVCJ9.eyJleHAiOjE3ODQ0NDczMzAsInN1YiI6ImVlZWVAZ21haWwuY29tIiwidHlwZSI6InJlZnJlc2gifQ.iahJ-h0T1GEgAzMFdNvCBRghpchHBvu6T9TPJkyqgSs', 2, '2026-07-19 07:48:50.290', 1, '2026-07-12 07:48:50.293');
INSERT INTO [refresh_tokens] ([id], [token], [user_id], [expires_at], [is_revoked], [created_at]) VALUES (50, 'eyJhbGciOiJIUzI1NiIsInR5cCI6IkpXVCJ9.eyJleHAiOjE3ODQ2MzEzOTIsInN1YiI6ImVlZWVAZ21haWwuY29tIiwidHlwZSI6InJlZnJlc2gifQ.aYJQ36oYVmjSgIXHMg5bksozOvGTMtVIelWx8WyJzTM', 2, '2026-07-21 10:56:32.553', 1, '2026-07-14 10:56:32.553');
INSERT INTO [refresh_tokens] ([id], [token], [user_id], [expires_at], [is_revoked], [created_at]) VALUES (51, 'eyJhbGciOiJIUzI1NiIsInR5cCI6IkpXVCJ9.eyJleHAiOjE3ODQ2MzI2ODAsInN1YiI6ImVlZWVAZ21haWwuY29tIiwidHlwZSI6InJlZnJlc2gifQ.hOyzj3pPQxHL_y1lEsOIMYexr-MUCGnGTHOOhUriR8U', 2, '2026-07-21 11:18:00.280', 0, '2026-07-14 11:18:00.283');

SET IDENTITY_INSERT [refresh_tokens] OFF;

EXEC sp_msforeachtable 'ALTER TABLE ? WITH CHECK CHECK CONSTRAINT ALL';
